timestamp,origin,destination,route_label,price,link,departure_at,days_until_departure
2026-08-30T06:26:15.022100+00:00,TAS,IST,Tashkent -> Istanbul,166,https://www.aviasales.com/search/TAS2009IST1?t=C617899365001789949400000335TASIST_472e79d8201c4732e15b1474a4b9fbf1_14313&search_date=30082026&expected_price_uuid=01a05112-7b86-8050-a9b2-a8abe2077817&static_fare_key=TY%7CP1%7CH0%7CL1_2_0%7CCH0%7CR0%7CTBC1&itinerary_key=n8Di3OanFmqof-wytIToHQ&expected_price_source=share&expected_price_currency=usd&expected_price=166&marker=747646,2026-09-20T20:35:00+05:00,21
2026-08-30T06:26:15.022100+00:00,TAS,DXB,Tashkent -> Dubai,135,https://www.aviasales.com/search/TAS1409SHJ1?t=G917893950001789404000000210TASSHJ_aa50bf352680c37eb258180e93c53211_11589&search_date=30082026&expected_price_uuid=01a050ec-573d-8050-2615-71cf8ecdf10f&static_fare_key=TY%7CP1%7CH1%7CL0%7CCH1%7CR0%7CTBC0&itinerary_key=LcN-EnTFeZQPAgpg3UYSpA&expected_price_source=share&expected_price_currency=usd&expected_price=135&marker=747646,2026-09-14T14:10:00+05:00,15
2026-08-30T06:26:15.022100+00:00,TAS,ICN,Tashkent -> Seoul,224,https://www.aviasales.com/search/TAS1106ICN1?t=HY18127536001812789600000360TASICN_f4f8100dd88db5230e4b5f1ef0293afc_18825&search_date=26082026&expected_price_uuid=01a03dfe-6ceb-8030-6149-2164e691deed&static_fare_key=TY%7CP1%7CH1%7CL1_1_23%7CCH0%7CR0%7CTBC1&itinerary_key=0rwDk0D7N1NbXDYHol_rgA&destination_airports=0&expected_price_source=share&expected_price_currency=usd&expected_price=224&marker=747646,2027-06-11T22:40:00+05:00,285
2026-08-30T06:26:15.022100+00:00,TAS,BKK,Tashkent -> Bangkok,209,https://www.aviasales.com/search/TAS0110BKK1?t=C617908857001790917200000405TASBKK_d719b11fc3811132f94266edeb3f0cfc_17977&search_date=30082026&expected_price_uuid=01a05118-d798-8050-e8e5-3e8be9c22f0c&static_fare_key=TY%7CP1%7CH1%7CL0%7CCH0%7CR0%7CTBC0&itinerary_key=yw96POh7r7hpKXU6BByHmw&expected_price_source=share&expected_price_currency=usd&expected_price=209&marker=747646,2026-10-01T20:15:00+05:00,32
2026-08-30T06:26:15.022100+00:00,TAS,BCN,Tashkent -> Barcelona,212,https://www.aviasales.com/search/TAS1511BCN1?t=W417947452001794831900001685TASEVNMXPBCN_4efcfc512b6365461a4197b8b426cb95_18265&search_date=29082026&expected_price_uuid=01a04d23-f784-8030-ec6e-8ef75b32b595&static_fare_key=TY%7CP0%7CH0%7CL0%7CCH0%7CR0%7CTBC0&itinerary_key=xlzONWZ0SuH0l0KLFK1xCg&expected_price_source=share&expected_price_currency=usd&expected_price=212&marker=747646,2026-11-15T12:20:00+05:00,77
2026-08-30T06:26:15.022100+00:00,TAS,VCE,Tashkent -> Venice,225,https://www.aviasales.com/search/TAS0811VCE1?t=5F17941254001794170400000990TASRMOVCE_8d46cbe1d5a0b64de1059cbedcc1608f_18833&search_date=25082026&expected_price_uuid=01a03ac7-1949-8030-a74c-4825f3eb7c24&static_fare_key=TY%7CP1%7CH0%7CL0%7CCH0%7CR0%7CTBC0&itinerary_key=hVQG0FLAeTrXDbKBhMpIvw&expected_price_source=share&expected_price_currency=usd&expected_price=225&marker=747646,2026-11-08T08:10:00+05:00,70
2026-08-30T06:26:15.022100+00:00,TAS,LON,Tashkent -> London,152,https://www.aviasales.com/search/TAS2211LON1?t=VF17953461001795444800001945TASBSZSAWSTN_92df619b1e90b6d6ce0980602465f0a1_13036&search_date=30082026&expected_price_uuid=01a0500c-44fc-8030-26c1-ba5e37267bdc&static_fare_key=TY%7CP0%7CH0%7CL0%7CCH0%7CR0%7CTBC0&itinerary_key=iVaWi7oCocF4jMBkJHCE8A&expected_price_source=share&expected_price_currency=usd&expected_price=152&marker=747646,2026-11-22T11:15:00+05:00,84
2026-08-30T06:26:15.022100+00:00,SKD,MOW,Samarkand -> Moscow,76,https://www.aviasales.com/search/SKD2207MOW1?t=HH18162396001816301700001155SKDTASVKO_9afe4afd2517c4563407b26e52972437_6497&search_date=28082026&expected_price_uuid=01a04890-d616-8030-6a05-0a90ab76f028&static_fare_key=TY%7CP1%7CH1%7CL1_1_25%7CCH0%7CR0%7CTBC1&itinerary_key=_-Lt-uL20O50LxpUclNKGw&expected_price_source=share&expected_price_currency=usd&expected_price=76&marker=747646,2027-07-22T07:00:00+05:00,326
2026-08-30T06:26:15.022100+00:00,MOW,IST,Moscow -> Istanbul,76,https://www.aviasales.com/search/MOW3108IST1?t=DP17881665001788184800000305VKOIST_e6b8e74f4e356d9c4d25387834f905c6_6494&search_date=30082026&expected_price_uuid=01a05157-b54d-8051-25f4-5b5be1412be9&static_fare_key=TY%7CP0%7CH1%7CL0%7CCH1%7CR0%7CTBC0&itinerary_key=ABjsPadwCz0vxs5cPF7fuA&expected_price_source=share&expected_price_currency=usd&expected_price=76&marker=747646,2026-08-31T08:55:00+03:00,1
2026-08-30T06:26:15.022100+00:00,MOW,DXB,Moscow -> Dubai,182,https://www.aviasales.com/search/MOW1712DXB1?t=DP17974983001797522000000335VKODWC_d430253b2e7467c7eb4e953375e1dd2e_15660&search_date=30082026&expected_price_uuid=01a05146-79ab-8050-a40f-e6db7778ceee&static_fare_key=TY%7CP0%7CH1%7CL0%7CCH1%7CR0%7CTBC0&itinerary_key=fH2UXwWeh0BM60GVVnwaZA&expected_price_source=share&expected_price_currency=usd&expected_price=182&marker=747646,2026-12-17T09:05:00+03:00,109
2026-08-30T06:26:15.022100+00:00,MOW,TAS,Moscow -> Tashkent,110,https://www.aviasales.com/search/MOW2601TAS1?t=DP18009924001801014600000250VKOTAS_f8d769aa3ab447af1fe6e069fde30fb2_9498&search_date=30082026&expected_price_uuid=01a050eb-81fb-8050-2cdd-22f262f90053&static_fare_key=TY%7CP0%7CH1%7CL0%7CCH0%7CR0%7CTBC0&itinerary_key=bjxuAmR-ikZ8gyuY57SXhw&expected_price_source=share&expected_price_currency=usd&expected_price=110&marker=747646,2027-01-26T19:40:00+03:00,149
2026-08-30T06:26:15.022100+00:00,LON,IST,London -> Istanbul,46,https://www.aviasales.com/search/LON1410IST1?t=W917919615001791983400000245LTNIST_3388737c2a24ac25517a3b1606438c14_3926&search_date=29082026&expected_price_uuid=01a04f07-3f8f-8050-2ff7-22e8600d6dde&static_fare_key=TY%7CP1%7CH0%7CL0%7CCH0%7CR0%7CTBC0&itinerary_key=Wqrx2jlYOtyY6qJVXojV8w&expected_price_source=share&expected_price_currency=usd&expected_price=46&marker=747646,2026-10-14T07:05:00+01:00,45
2026-08-30T06:26:15.022100+00:00,LON,TAS,London -> Tashkent,199,https://www.aviasales.com/search/LON1501TAS1?t=W618000123001800183600002555LTNBTSEVNTAS_804b99512a0127f1592c057bcede3395_17090&search_date=30082026&expected_price_uuid=01a05021-cf51-8030-ede2-6ca13fb63e46&static_fare_key=TY%7CP0%7CH0%7CL0%7CCH0%7CR0%7CTBC0&itinerary_key=aKbxpz0KKSk7aNUly6X78g&expected_price_source=share&expected_price_currency=usd&expected_price=199&marker=747646,2027-01-15T11:25:00Z,138
2026-08-30T06:26:15.022100+00:00,LON,DXB,London -> Dubai,90,https://www.aviasales.com/search/LON0510DXB1?t=VF17912370001791338100001505LTNTIASAWDXB_53d387fdf4c1648c06f396c62cc803db_7768&search_date=30082026&expected_price_uuid=01a0502a-7ebf-8030-a0c9-3eaec4ab00a4&static_fare_key=TY%7CP1%7CH0%7CL0%7CCH0%7CR0%7CTBC0&itinerary_key=gwzbVvrSpXL_RnXWkTbvLA&expected_price_source=share&expected_price_currency=usd&expected_price=90&marker=747646,2026-10-05T21:50:00+01:00,36
2026-08-30T06:26:15.022100+00:00,DXB,IST,Dubai -> Istanbul,98,https://www.aviasales.com/search/SHJ0409IST1?t=PC17885064001788521700000315SHJSAW_4e2f53bdcaaf535180b66849e087545c_8453&search_date=29082026&expected_price_uuid=01a04e92-a59c-8051-267c-412da309a243&static_fare_key=TY%7CP1%7CH0%7CL0%7CCH0%7CR0%7CTBC0&itinerary_key=e_VfU7A27f59x4x266Xyvw&expected_price_source=share&expected_price_currency=usd&expected_price=98&marker=747646,2026-09-04T07:20:00+04:00,5
2026-08-30T06:26:15.022100+00:00,DXB,LON,Dubai -> London,123,https://www.aviasales.com/search/DXB0210LON1?t=VF17909103001790952000000875DXBSAWSTN_1d54ced6956037100e42ba54008e7156_10620&search_date=29082026&expected_price_uuid=01a04ecc-2c7a-8030-2234-20a0289d665b&static_fare_key=TY%7CP1%7CH0%7CL0%7CCH0%7CR0%7CTBC0&itinerary_key=GmO7F-G4x1YUyNWcr3kDPg&expected_price_source=share&expected_price_currency=usd&expected_price=123&marker=747646,2026-10-02T03:05:00+04:00,33
2026-08-30T06:26:15.022100+00:00,DXB,BKK,Dubai -> Bangkok,134,https://www.aviasales.com/search/SHJ3008BKK1?t=AI17881095001788195300001250SHJATQDELBKK_7ecf22b08c07a70a2610ea2a4d943ca2_11500&search_date=30082026&expected_price_uuid=01a050cd-8f9f-8050-2486-5079b3ad58d8&static_fare_key=TY%7CP1%7CH1%7CL1_1_25%7CCH1%7CR1%7CTBC1&itinerary_key=l-nsjSFDhOw3TqGuLv-Ovg&expected_price_source=share&expected_price_currency=usd&expected_price=134&marker=747646,2026-08-30T17:05:00+04:00,0
2026-08-30T10:54:16.075551+00:00,TAS,IST,Tashkent -> Istanbul,166,https://www.aviasales.com/search/TAS2109IST1?t=C617899860001789998300000325TASIST_ab668b99429beb79a20ff1b6b7005507_14313&search_date=30082026&expected_price_uuid=01a05234-7f71-8030-6479-da351d23e4f5&static_fare_key=TY%7CP1%7CH0%7CL1_2_0%7CCH0%7CR0%7CTBC1&itinerary_key=3PxWoDtBMdFLhbi5R-Tyug&expected_price_source=share&expected_price_currency=usd&expected_price=166&marker=747646,2026-09-21T10:20:00+05:00,22
2026-08-30T10:54:16.075551+00:00,TAS,DXB,Tashkent -> Dubai,159,https://www.aviasales.com/search/TAS0610SHJ1?t=G917912571001791266100000210TASSHJ_f2d364d1096cf34ece03ef85df0c7d57_13672&search_date=30082026&expected_price_uuid=01a05090-5eff-8040-64c8-1f002d8fde91&static_fare_key=TY%7CP0%7CH1%7CL0%7CCH1%7CR0%7CTBC0&itinerary_key=IRE3lxaQa9d4J22ZALr1cg&expected_price_source=share&expected_price_currency=usd&expected_price=159&marker=747646,2026-10-06T03:25:00+05:00,37
2026-08-30T10:54:16.075551+00:00,TAS,ICN,Tashkent -> Seoul,224,https://www.aviasales.com/search/TAS1106ICN1?t=HY18127536001812789600000360TASICN_f4f8100dd88db5230e4b5f1ef0293afc_18825&search_date=26082026&expected_price_uuid=01a03dfe-6ceb-8030-6149-2164e691deed&static_fare_key=TY%7CP1%7CH1%7CL1_1_23%7CCH0%7CR0%7CTBC1&itinerary_key=0rwDk0D7N1NbXDYHol_rgA&destination_airports=0&expected_price_source=share&expected_price_currency=usd&expected_price=224&marker=747646,2027-06-11T22:40:00+05:00,285
2026-08-30T10:54:16.075551+00:00,TAS,BKK,Tashkent -> Bangkok,209,https://www.aviasales.com/search/TAS0110BKK1?t=C617908857001790917200000405TASBKK_d719b11fc3811132f94266edeb3f0cfc_17977&search_date=30082026&expected_price_uuid=01a0524d-79c7-8030-6265-7b309ca37e1f&static_fare_key=TY%7CP1%7CH1%7CL0%7CCH0%7CR0%7CTBC0&itinerary_key=yw96POh7r7hpKXU6BByHmw&expected_price_source=share&expected_price_currency=usd&expected_price=209&marker=747646,2026-10-01T20:15:00+05:00,32
2026-08-30T10:54:16.075551+00:00,TAS,BCN,Tashkent -> Barcelona,212,https://www.aviasales.com/search/TAS1511BCN1?t=W417947452001794831900001685TASEVNMXPBCN_4efcfc512b6365461a4197b8b426cb95_18265&search_date=29082026&expected_price_uuid=01a04d23-f784-8030-ec6e-8ef75b32b595&static_fare_key=TY%7CP0%7CH0%7CL0%7CCH0%7CR0%7CTBC0&itinerary_key=xlzONWZ0SuH0l0KLFK1xCg&expected_price_source=share&expected_price_currency=usd&expected_price=212&marker=747646,2026-11-15T12:20:00+05:00,77
2026-08-30T10:54:16.075551+00:00,TAS,VCE,Tashkent -> Venice,225,https://www.aviasales.com/search/TAS0811VCE1?t=5F17941254001794170400000990TASRMOVCE_8d46cbe1d5a0b64de1059cbedcc1608f_18833&search_date=25082026&expected_price_uuid=01a03ac7-1949-8030-a74c-4825f3eb7c24&static_fare_key=TY%7CP1%7CH0%7CL0%7CCH0%7CR0%7CTBC0&itinerary_key=hVQG0FLAeTrXDbKBhMpIvw&expected_price_source=share&expected_price_currency=usd&expected_price=225&marker=747646,2026-11-08T08:10:00+05:00,70
2026-08-30T10:54:16.075551+00:00,TAS,LON,Tashkent -> London,152,https://www.aviasales.com/search/TAS0702LON1?t=VF18019989001802097600001945TASBSZSAWSTN_670c9c36ac9347967e32ff23f89a572f_13036&search_date=30082026&expected_price_uuid=01a050ad-70f0-8030-a968-fcd60ca9f723&static_fare_key=TY%7CP0%7CH0%7CL0%7CCH0%7CR0%7CTBC0&itinerary_key=iVaWi7oCocF4jMBkJHCE8A&expected_price_source=share&expected_price_currency=usd&expected_price=152&marker=747646,2027-02-07T11:15:00+05:00,161
2026-08-30T10:54:16.075551+00:00,SKD,MOW,Samarkand -> Moscow,76,https://www.aviasales.com/search/SKD2207MOW1?t=HH18162396001816301700001155SKDTASVKO_9afe4afd2517c4563407b26e52972437_6497&search_date=28082026&expected_price_uuid=01a04890-d616-8030-6a05-0a90ab76f028&static_fare_key=TY%7CP1%7CH1%7CL1_1_25%7CCH0%7CR0%7CTBC1&itinerary_key=_-Lt-uL20O50LxpUclNKGw&expected_price_source=share&expected_price_currency=usd&expected_price=76&marker=747646,2027-07-22T07:00:00+05:00,326
2026-08-30T10:54:16.075551+00:00,MOW,IST,Moscow -> Istanbul,76,https://www.aviasales.com/search/MOW3108IST1?t=DP17881590001788178200000320VKOIST_494ceddb97a2390e48549e46f4400fd4_6513&search_date=30082026&expected_price_uuid=01a0524b-c9d9-8030-65af-114e35a59be2&static_fare_key=TY%7CP0%7CH1%7CL0%7CCH1%7CR0%7CTBC0&itinerary_key=SNsTbH_zp9SrlfBQ4A2-gQ&expected_price_source=share&expected_price_currency=usd&expected_price=76&marker=747646,2026-08-31T06:50:00+03:00,1
2026-08-30T10:54:16.075551+00:00,MOW,DXB,Moscow -> Dubai,182,https://www.aviasales.com/search/MOW3011DXB1?t=DP17960295001796053200000335VKODWC_9534316a61f6b5afce6517bb27f32ccf_15660&search_date=30082026&expected_price_uuid=01a051fd-c895-8030-27d3-e8d4f5bae47d&static_fare_key=TY%7CP0%7CH1%7CL0%7CCH1%7CR0%7CTBC0&itinerary_key=fH2UXwWeh0BM60GVVnwaZA&expected_price_source=share&expected_price_currency=usd&expected_price=182&marker=747646,2026-11-30T09:05:00+03:00,92
2026-08-30T10:54:16.075551+00:00,MOW,TAS,Moscow -> Tashkent,110,https://www.aviasales.com/search/MOW0202TAS1?t=DP18015972001801619400000250VKOTAS_10cb14f7bdaf1fd53a7d875969a34b0d_9498&search_date=30082026&expected_price_uuid=01a050be-b2bd-8030-a40e-944292ffa514&static_fare_key=TY%7CP0%7CH1%7CL0%7CCH0%7CR0%7CTBC0&itinerary_key=bjxuAmR-ikZ8gyuY57SXhw&expected_price_source=share&expected_price_currency=usd&expected_price=110&marker=747646,2027-02-02T19:40:00+03:00,156
2026-08-30T10:54:16.075551+00:00,LON,IST,London -> Istanbul,46,https://www.aviasales.com/search/LON1410IST1?t=W917919615001791983400000245LTNIST_3388737c2a24ac25517a3b1606438c14_3926&search_date=29082026&expected_price_uuid=01a04f07-3f8f-8050-2ff7-22e8600d6dde&static_fare_key=TY%7CP1%7CH0%7CL0%7CCH0%7CR0%7CTBC0&itinerary_key=Wqrx2jlYOtyY6qJVXojV8w&expected_price_source=share&expected_price_currency=usd&expected_price=46&marker=747646,2026-10-14T07:05:00+01:00,45
2026-08-30T10:54:16.075551+00:00,LON,TAS,London -> Tashkent,199,https://www.aviasales.com/search/LON1501TAS1?t=W618000123001800183600002555LTNBTSEVNTAS_804b99512a0127f1592c057bcede3395_17090&search_date=30082026&expected_price_uuid=01a05021-cf51-8030-ede2-6ca13fb63e46&static_fare_key=TY%7CP0%7CH0%7CL0%7CCH0%7CR0%7CTBC0&itinerary_key=aKbxpz0KKSk7aNUly6X78g&expected_price_source=share&expected_price_currency=usd&expected_price=199&marker=747646,2027-01-15T11:25:00Z,138
2026-08-30T10:54:16.075551+00:00,LON,DXB,London -> Dubai,90,https://www.aviasales.com/search/LON2110DXB1?t=VF17926194001792720500001505LTNTIASAWDXB_99d12f25f067ff4115aff6636aa5810e_7768&search_date=29082026&expected_price_uuid=01a04fc8-35bf-8030-644f-10beb25027c9&static_fare_key=TY%7CP1%7CH0%7CL0%7CCH0%7CR0%7CTBC0&itinerary_key=gwzbVvrSpXL_RnXWkTbvLA&expected_price_source=share&expected_price_currency=usd&expected_price=90&marker=747646,2026-10-21T21:50:00+01:00,52
2026-08-30T10:54:16.075551+00:00,DXB,IST,Dubai -> Istanbul,96,https://www.aviasales.com/search/SHJ2309IST1?t=PC17901390001790152200000280SHJSAW_4b9ce34d00449cd5b5f5a4d787a5375d_8283&search_date=30082026&expected_price_uuid=01a05248-d3b9-8050-a717-3ef515142d06&static_fare_key=TY%7CP1%7CH0%7CL0%7CCH0%7CR0%7CTBC0&itinerary_key=5mw-OnNPHklDlmetw3v2Kg&expected_price_source=share&expected_price_currency=usd&expected_price=96&marker=747646,2026-09-23T04:50:00+04:00,24
2026-08-30T10:54:16.075551+00:00,DXB,LON,Dubai -> London,123,https://www.aviasales.com/search/DXB0210LON1?t=VF17909103001790952000000875DXBSAWSTN_1d54ced6956037100e42ba54008e7156_10620&search_date=29082026&expected_price_uuid=01a04ecc-2c7a-8030-2234-20a0289d665b&static_fare_key=TY%7CP1%7CH0%7CL0%7CCH0%7CR0%7CTBC0&itinerary_key=GmO7F-G4x1YUyNWcr3kDPg&expected_price_source=share&expected_price_currency=usd&expected_price=123&marker=747646,2026-10-02T03:05:00+04:00,33
2026-08-30T10:54:16.075551+00:00,DXB,BKK,Dubai -> Bangkok,136,https://www.aviasales.com/search/SHJ0509BKK1?t=AI17886279001788726300001460SHJATQDELBKK_518ee4aa35a45b515cf17268a80dc353_11721&search_date=29082026&expected_price_uuid=01a04f77-c80b-8030-22cd-6a089cbf3991&static_fare_key=TY%7CP0%7CH1%7CL1_1_25%7CCH1%7CR1%7CTBC1&itinerary_key=VWNaESZqEyp0lthFo-Vdeg&expected_price_source=share&expected_price_currency=usd&expected_price=136&marker=747646,2026-09-05T17:05:00+04:00,6
2026-08-30T15:57:32.879452+00:00,TAS,IST,Tashkent -> Istanbul,166,https://www.aviasales.com/search/TAS0509IST1?t=C617886102001788623100000335TASIST_9c966dde2dc6b1462a30804b68f1804e_14313&search_date=30082026&expected_price_uuid=01a05356-0d3c-8030-e469-29c196faff8d&static_fare_key=TY%7CP1%7CH0%7CL1_2_0%7CCH0%7CR0%7CTBC1&itinerary_key=h6hCiUGjYAZIcjId7nuvfg&expected_price_source=share&expected_price_currency=usd&expected_price=166&marker=747646,2026-09-05T12:10:00+05:00,6
2026-08-30T15:57:32.879452+00:00,TAS,DXB,Tashkent -> Dubai,134,https://www.aviasales.com/search/TAS0909SHJ1?t=G917889243001788933300000210TASSHJ_a801bf2e627f630b58afecc48705a1df_11566&search_date=30082026&expected_price_uuid=01a052d0-7524-8030-65d6-be6e73a983f6&static_fare_key=TY%7CP0%7CH1%7CL0%7CCH1%7CR0%7CTBC0&itinerary_key=IRE3lxaQa9d4J22ZALr1cg&expected_price_source=share&expected_price_currency=usd&expected_price=134&marker=747646,2026-09-09T03:25:00+05:00,10
2026-08-30T15:57:32.879452+00:00,TAS,ICN,Tashkent -> Seoul,224,https://www.aviasales.com/search/TAS1106ICN1?t=HY18127536001812789600000360TASICN_f4f8100dd88db5230e4b5f1ef0293afc_18825&search_date=26082026&expected_price_uuid=01a03dfe-6ceb-8030-6149-2164e691deed&static_fare_key=TY%7CP1%7CH1%7CL1_1_23%7CCH0%7CR0%7CTBC1&itinerary_key=0rwDk0D7N1NbXDYHol_rgA&destination_airports=0&expected_price_source=share&expected_price_currency=usd&expected_price=224&marker=747646,2027-06-11T22:40:00+05:00,285
2026-08-30T15:57:32.879452+00:00,TAS,BKK,Tashkent -> Bangkok,208,https://www.aviasales.com/search/TAS0110BKK1?t=C617908857001790917200000405TASBKK_d719b11fc3811132f94266edeb3f0cfc_17925&search_date=30082026&expected_price_uuid=01a0534d-4e31-8030-2a42-f98e15a453a2&static_fare_key=TY%7CP1%7CH1%7CL0%7CCH0%7CR0%7CTBC0&itinerary_key=yw96POh7r7hpKXU6BByHmw&expected_price_source=share&expected_price_currency=usd&expected_price=208&marker=747646,2026-10-01T20:15:00+05:00,32
2026-08-30T15:57:32.879452+00:00,TAS,BCN,Tashkent -> Barcelona,212,https://www.aviasales.com/search/TAS1511BCN1?t=W417947452001794831900001685TASEVNMXPBCN_4efcfc512b6365461a4197b8b426cb95_18265&search_date=29082026&expected_price_uuid=01a04d23-f784-8030-ec6e-8ef75b32b595&static_fare_key=TY%7CP0%7CH0%7CL0%7CCH0%7CR0%7CTBC0&itinerary_key=xlzONWZ0SuH0l0KLFK1xCg&expected_price_source=share&expected_price_currency=usd&expected_price=212&marker=747646,2026-11-15T12:20:00+05:00,77
2026-08-30T15:57:32.879452+00:00,TAS,VCE,Tashkent -> Venice,225,https://www.aviasales.com/search/TAS0811VCE1?t=5F17941254001794170400000990TASRMOVCE_8d46cbe1d5a0b64de1059cbedcc1608f_18833&search_date=25082026&expected_price_uuid=01a03ac7-1949-8030-a74c-4825f3eb7c24&static_fare_key=TY%7CP1%7CH0%7CL0%7CCH0%7CR0%7CTBC0&itinerary_key=hVQG0FLAeTrXDbKBhMpIvw&expected_price_source=share&expected_price_currency=usd&expected_price=225&marker=747646,2026-11-08T08:10:00+05:00,70
2026-08-30T15:57:32.879452+00:00,TAS,LON,Tashkent -> London,152,https://www.aviasales.com/search/TAS0702LON1?t=VF18019989001802097600001945TASBSZSAWSTN_670c9c36ac9347967e32ff23f89a572f_13036&search_date=30082026&expected_price_uuid=01a050ad-70f0-8030-a968-fcd60ca9f723&static_fare_key=TY%7CP0%7CH0%7CL0%7CCH0%7CR0%7CTBC0&itinerary_key=iVaWi7oCocF4jMBkJHCE8A&expected_price_source=share&expected_price_currency=usd&expected_price=152&marker=747646,2027-02-07T11:15:00+05:00,161
2026-08-30T15:57:32.879452+00:00,SKD,MOW,Samarkand -> Moscow,76,https://www.aviasales.com/search/SKD2207MOW1?t=HH18162396001816301700001155SKDTASVKO_9afe4afd2517c4563407b26e52972437_6497&search_date=28082026&expected_price_uuid=01a04890-d616-8030-6a05-0a90ab76f028&static_fare_key=TY%7CP1%7CH1%7CL1_1_25%7CCH0%7CR0%7CTBC1&itinerary_key=_-Lt-uL20O50LxpUclNKGw&expected_price_source=share&expected_price_currency=usd&expected_price=76&marker=747646,2027-07-22T07:00:00+05:00,326
2026-08-30T15:57:32.879452+00:00,MOW,IST,Moscow -> Istanbul,76,https://www.aviasales.com/search/MOW3108IST1?t=DP17881590001788178200000320VKOIST_494ceddb97a2390e48549e46f4400fd4_6513&search_date=30082026&expected_price_uuid=01a05361-fe3b-8030-e830-f89acca4d83e&static_fare_key=TY%7CP0%7CH1%7CL0%7CCH1%7CR0%7CTBC0&itinerary_key=SNsTbH_zp9SrlfBQ4A2-gQ&expected_price_source=share&expected_price_currency=usd&expected_price=76&marker=747646,2026-08-31T06:50:00+03:00,1
2026-08-30T15:57:32.879452+00:00,MOW,DXB,Moscow -> Dubai,182,https://www.aviasales.com/search/MOW0412DXB1?t=DP17963751001796398800000335VKODWC_373788f8d2624015bdd7b891a4ea79f1_15660&search_date=30082026&expected_price_uuid=01a05357-36a0-8050-efed-1c66fc239687&static_fare_key=TY%7CP0%7CH1%7CL0%7CCH1%7CR0%7CTBC0&itinerary_key=fH2UXwWeh0BM60GVVnwaZA&expected_price_source=share&expected_price_currency=usd&expected_price=182&marker=747646,2026-12-04T09:05:00+03:00,96
2026-08-30T15:57:32.879452+00:00,MOW,TAS,Moscow -> Tashkent,110,https://www.aviasales.com/search/MOW0202TAS1?t=DP18015972001801619400000250VKOTAS_10cb14f7bdaf1fd53a7d875969a34b0d_9498&search_date=30082026&expected_price_uuid=01a050be-b2bd-8030-a40e-944292ffa514&static_fare_key=TY%7CP0%7CH1%7CL0%7CCH0%7CR0%7CTBC0&itinerary_key=bjxuAmR-ikZ8gyuY57SXhw&expected_price_source=share&expected_price_currency=usd&expected_price=110&marker=747646,2027-02-02T19:40:00+03:00,156
2026-08-30T15:57:32.879452+00:00,LON,IST,London -> Istanbul,46,https://www.aviasales.com/search/LON1410IST1?t=W917919615001791983400000245LTNIST_3388737c2a24ac25517a3b1606438c14_3926&search_date=29082026&expected_price_uuid=01a04f07-3f8f-8050-2ff7-22e8600d6dde&static_fare_key=TY%7CP1%7CH0%7CL0%7CCH0%7CR0%7CTBC0&itinerary_key=Wqrx2jlYOtyY6qJVXojV8w&expected_price_source=share&expected_price_currency=usd&expected_price=46&marker=747646,2026-10-14T07:05:00+01:00,45
2026-08-30T15:57:32.879452+00:00,LON,TAS,London -> Tashkent,199,https://www.aviasales.com/search/LON1501TAS1?t=W618000123001800183600002555LTNBTSEVNTAS_804b99512a0127f1592c057bcede3395_17090&search_date=30082026&expected_price_uuid=01a05021-cf51-8030-ede2-6ca13fb63e46&static_fare_key=TY%7CP0%7CH0%7CL0%7CCH0%7CR0%7CTBC0&itinerary_key=aKbxpz0KKSk7aNUly6X78g&expected_price_source=share&expected_price_currency=usd&expected_price=199&marker=747646,2027-01-15T11:25:00Z,138
2026-08-30T15:57:32.879452+00:00,LON,DXB,London -> Dubai,90,https://www.aviasales.com/search/LON2110DXB1?t=VF17926194001792720500001505LTNTIASAWDXB_99d12f25f067ff4115aff6636aa5810e_7768&search_date=29082026&expected_price_uuid=01a04fc8-35bf-8030-644f-10beb25027c9&static_fare_key=TY%7CP1%7CH0%7CL0%7CCH0%7CR0%7CTBC0&itinerary_key=gwzbVvrSpXL_RnXWkTbvLA&expected_price_source=share&expected_price_currency=usd&expected_price=90&marker=747646,2026-10-21T21:50:00+01:00,52
2026-08-30T15:57:32.879452+00:00,DXB,IST,Dubai -> Istanbul,96,https://www.aviasales.com/search/SHJ2309IST1?t=PC17901390001790152200000280SHJSAW_4b9ce34d00449cd5b5f5a4d787a5375d_8283&search_date=30082026&expected_price_uuid=01a05248-d3b9-8050-a717-3ef515142d06&static_fare_key=TY%7CP1%7CH0%7CL0%7CCH0%7CR0%7CTBC0&itinerary_key=5mw-OnNPHklDlmetw3v2Kg&expected_price_source=share&expected_price_currency=usd&expected_price=96&marker=747646,2026-09-23T04:50:00+04:00,24
2026-08-30T15:57:32.879452+00:00,DXB,LON,Dubai -> London,123,https://www.aviasales.com/search/DXB0210LON1?t=VF17909103001790952000000875DXBSAWSTN_1d54ced6956037100e42ba54008e7156_10620&search_date=29082026&expected_price_uuid=01a04ecc-2c7a-8030-2234-20a0289d665b&static_fare_key=TY%7CP1%7CH0%7CL0%7CCH0%7CR0%7CTBC0&itinerary_key=GmO7F-G4x1YUyNWcr3kDPg&expected_price_source=share&expected_price_currency=usd&expected_price=123&marker=747646,2026-10-02T03:05:00+04:00,33
2026-08-30T15:57:32.879452+00:00,DXB,BKK,Dubai -> Bangkok,136,https://www.aviasales.com/search/SHJ0509BKK1?t=AI17886279001788726300001460SHJATQDELBKK_518ee4aa35a45b515cf17268a80dc353_11721&search_date=29082026&expected_price_uuid=01a04f77-c80b-8030-22cd-6a089cbf3991&static_fare_key=TY%7CP0%7CH1%7CL1_1_25%7CCH1%7CR1%7CTBC1&itinerary_key=VWNaESZqEyp0lthFo-Vdeg&expected_price_source=share&expected_price_currency=usd&expected_price=136&marker=747646,2026-09-05T17:05:00+04:00,6
2026-08-30T16:07:15.003201+00:00,TAS,IST,Tashkent -> Istanbul,166,https://www.aviasales.com/search/TAS0509IST1?t=C617886102001788623100000335TASIST_9c966dde2dc6b1462a30804b68f1804e_14313&search_date=30082026&expected_price_uuid=01a05356-0d3c-8030-e469-29c196faff8d&static_fare_key=TY%7CP1%7CH0%7CL1_2_0%7CCH0%7CR0%7CTBC1&itinerary_key=h6hCiUGjYAZIcjId7nuvfg&expected_price_source=share&expected_price_currency=usd&expected_price=166&marker=747646,2026-09-05T12:10:00+05:00,6
2026-08-30T16:07:15.003201+00:00,TAS,DXB,Tashkent -> Dubai,134,https://www.aviasales.com/search/TAS1409SHJ1?t=G917893950001789404000000210TASSHJ_aa50bf352680c37eb258180e93c53211_11566&search_date=30082026&expected_price_uuid=01a052c8-104e-8030-af68-e512472d9e23&static_fare_key=TY%7CP0%7CH1%7CL0%7CCH1%7CR0%7CTBC0&itinerary_key=LcN-EnTFeZQPAgpg3UYSpA&expected_price_source=share&expected_price_currency=usd&expected_price=134&marker=747646,2026-09-14T14:10:00+05:00,15
2026-08-30T16:07:15.003201+00:00,TAS,ICN,Tashkent -> Seoul,224,https://www.aviasales.com/search/TAS1106ICN1?t=HY18127536001812789600000360TASICN_f4f8100dd88db5230e4b5f1ef0293afc_18825&search_date=26082026&expected_price_uuid=01a03dfe-6ceb-8030-6149-2164e691deed&static_fare_key=TY%7CP1%7CH1%7CL1_1_23%7CCH0%7CR0%7CTBC1&itinerary_key=0rwDk0D7N1NbXDYHol_rgA&destination_airports=0&expected_price_source=share&expected_price_currency=usd&expected_price=224&marker=747646,2027-06-11T22:40:00+05:00,285
2026-08-30T16:07:15.003201+00:00,TAS,BKK,Tashkent -> Bangkok,208,https://www.aviasales.com/search/TAS0110BKK1?t=C617908857001790917200000405TASBKK_d719b11fc3811132f94266edeb3f0cfc_17925&search_date=30082026&expected_price_uuid=01a0534d-4e31-8030-2a42-f98e15a453a2&static_fare_key=TY%7CP1%7CH1%7CL0%7CCH0%7CR0%7CTBC0&itinerary_key=yw96POh7r7hpKXU6BByHmw&expected_price_source=share&expected_price_currency=usd&expected_price=208&marker=747646,2026-10-01T20:15:00+05:00,32
2026-08-30T16:07:15.003201+00:00,TAS,BCN,Tashkent -> Barcelona,212,https://www.aviasales.com/search/TAS1511BCN1?t=W417947452001794831900001685TASEVNMXPBCN_4efcfc512b6365461a4197b8b426cb95_18265&search_date=29082026&expected_price_uuid=01a04d23-f784-8030-ec6e-8ef75b32b595&static_fare_key=TY%7CP0%7CH0%7CL0%7CCH0%7CR0%7CTBC0&itinerary_key=xlzONWZ0SuH0l0KLFK1xCg&expected_price_source=share&expected_price_currency=usd&expected_price=212&marker=747646,2026-11-15T12:20:00+05:00,77
2026-08-30T16:07:15.003201+00:00,TAS,VCE,Tashkent -> Venice,225,https://www.aviasales.com/search/TAS0811VCE1?t=5F17941254001794170400000990TASRMOVCE_8d46cbe1d5a0b64de1059cbedcc1608f_18833&search_date=25082026&expected_price_uuid=01a03ac7-1949-8030-a74c-4825f3eb7c24&static_fare_key=TY%7CP1%7CH0%7CL0%7CCH0%7CR0%7CTBC0&itinerary_key=hVQG0FLAeTrXDbKBhMpIvw&expected_price_source=share&expected_price_currency=usd&expected_price=225&marker=747646,2026-11-08T08:10:00+05:00,70
2026-08-30T16:07:15.003201+00:00,TAS,LON,Tashkent -> London,152,https://www.aviasales.com/search/TAS0702LON1?t=VF18019989001802097600001945TASBSZSAWSTN_670c9c36ac9347967e32ff23f89a572f_13036&search_date=30082026&expected_price_uuid=01a050ad-70f0-8030-a968-fcd60ca9f723&static_fare_key=TY%7CP0%7CH0%7CL0%7CCH0%7CR0%7CTBC0&itinerary_key=iVaWi7oCocF4jMBkJHCE8A&expected_price_source=share&expected_price_currency=usd&expected_price=152&marker=747646,2027-02-07T11:15:00+05:00,161
2026-08-30T16:07:15.003201+00:00,SKD,MOW,Samarkand -> Moscow,76,https://www.aviasales.com/search/SKD2207MOW1?t=HH18162396001816301700001155SKDTASVKO_9afe4afd2517c4563407b26e52972437_6497&search_date=28082026&expected_price_uuid=01a04890-d616-8030-6a05-0a90ab76f028&static_fare_key=TY%7CP1%7CH1%7CL1_1_25%7CCH0%7CR0%7CTBC1&itinerary_key=_-Lt-uL20O50LxpUclNKGw&expected_price_source=share&expected_price_currency=usd&expected_price=76&marker=747646,2027-07-22T07:00:00+05:00,326
2026-08-30T16:07:15.003201+00:00,MOW,IST,Moscow -> Istanbul,76,https://www.aviasales.com/search/MOW3108IST1?t=DP17881590001788178200000320VKOIST_494ceddb97a2390e48549e46f4400fd4_6513&search_date=30082026&expected_price_uuid=01a05369-bc23-8030-acef-c5dc4ceedf60&static_fare_key=TY%7CP0%7CH1%7CL0%7CCH1%7CR0%7CTBC0&itinerary_key=SNsTbH_zp9SrlfBQ4A2-gQ&expected_price_source=share&expected_price_currency=usd&expected_price=76&marker=747646,2026-08-31T06:50:00+03:00,1
2026-08-30T16:07:15.003201+00:00,MOW,DXB,Moscow -> Dubai,182,https://www.aviasales.com/search/MOW0412DXB1?t=DP17963751001796398800000335VKODWC_373788f8d2624015bdd7b891a4ea79f1_15660&search_date=30082026&expected_price_uuid=01a05357-36a0-8050-efed-1c66fc239687&static_fare_key=TY%7CP0%7CH1%7CL0%7CCH1%7CR0%7CTBC0&itinerary_key=fH2UXwWeh0BM60GVVnwaZA&expected_price_source=share&expected_price_currency=usd&expected_price=182&marker=747646,2026-12-04T09:05:00+03:00,96
2026-08-30T16:07:15.003201+00:00,MOW,TAS,Moscow -> Tashkent,110,https://www.aviasales.com/search/MOW0202TAS1?t=DP18015972001801619400000250VKOTAS_10cb14f7bdaf1fd53a7d875969a34b0d_9498&search_date=30082026&expected_price_uuid=01a050be-b2bd-8030-a40e-944292ffa514&static_fare_key=TY%7CP0%7CH1%7CL0%7CCH0%7CR0%7CTBC0&itinerary_key=bjxuAmR-ikZ8gyuY57SXhw&expected_price_source=share&expected_price_currency=usd&expected_price=110&marker=747646,2027-02-02T19:40:00+03:00,156
2026-08-30T16:07:15.003201+00:00,LON,IST,London -> Istanbul,46,https://www.aviasales.com/search/LON1410IST1?t=W917919615001791983400000245LTNIST_3388737c2a24ac25517a3b1606438c14_3926&search_date=29082026&expected_price_uuid=01a04f07-3f8f-8050-2ff7-22e8600d6dde&static_fare_key=TY%7CP1%7CH0%7CL0%7CCH0%7CR0%7CTBC0&itinerary_key=Wqrx2jlYOtyY6qJVXojV8w&expected_price_source=share&expected_price_currency=usd&expected_price=46&marker=747646,2026-10-14T07:05:00+01:00,45
2026-08-30T16:07:15.003201+00:00,LON,TAS,London -> Tashkent,199,https://www.aviasales.com/search/LON1501TAS1?t=W618000123001800183600002555LTNBTSEVNTAS_804b99512a0127f1592c057bcede3395_17090&search_date=30082026&expected_price_uuid=01a05021-cf51-8030-ede2-6ca13fb63e46&static_fare_key=TY%7CP0%7CH0%7CL0%7CCH0%7CR0%7CTBC0&itinerary_key=aKbxpz0KKSk7aNUly6X78g&expected_price_source=share&expected_price_currency=usd&expected_price=199&marker=747646,2027-01-15T11:25:00Z,138
2026-08-30T16:07:15.003201+00:00,LON,DXB,London -> Dubai,90,https://www.aviasales.com/search/LON2110DXB1?t=VF17926194001792720500001505LTNTIASAWDXB_99d12f25f067ff4115aff6636aa5810e_7768&search_date=29082026&expected_price_uuid=01a04fc8-35bf-8030-644f-10beb25027c9&static_fare_key=TY%7CP1%7CH0%7CL0%7CCH0%7CR0%7CTBC0&itinerary_key=gwzbVvrSpXL_RnXWkTbvLA&expected_price_source=share&expected_price_currency=usd&expected_price=90&marker=747646,2026-10-21T21:50:00+01:00,52
2026-08-30T16:07:15.003201+00:00,DXB,IST,Dubai -> Istanbul,96,https://www.aviasales.com/search/SHJ2309IST1?t=PC17901390001790152200000280SHJSAW_4b9ce34d00449cd5b5f5a4d787a5375d_8283&search_date=30082026&expected_price_uuid=01a05248-d3b9-8050-a717-3ef515142d06&static_fare_key=TY%7CP1%7CH0%7CL0%7CCH0%7CR0%7CTBC0&itinerary_key=5mw-OnNPHklDlmetw3v2Kg&expected_price_source=share&expected_price_currency=usd&expected_price=96&marker=747646,2026-09-23T04:50:00+04:00,24
2026-08-30T16:07:15.003201+00:00,DXB,LON,Dubai -> London,123,https://www.aviasales.com/search/DXB0210LON1?t=VF17909103001790952000000875DXBSAWSTN_1d54ced6956037100e42ba54008e7156_10620&search_date=29082026&expected_price_uuid=01a04ecc-2c7a-8030-2234-20a0289d665b&static_fare_key=TY%7CP1%7CH0%7CL0%7CCH0%7CR0%7CTBC0&itinerary_key=GmO7F-G4x1YUyNWcr3kDPg&expected_price_source=share&expected_price_currency=usd&expected_price=123&marker=747646,2026-10-02T03:05:00+04:00,33
2026-08-30T16:07:15.003201+00:00,DXB,BKK,Dubai -> Bangkok,136,https://www.aviasales.com/search/SHJ0509BKK1?t=AI17886279001788726300001460SHJATQDELBKK_518ee4aa35a45b515cf17268a80dc353_11721&search_date=29082026&expected_price_uuid=01a04f77-c80b-8030-22cd-6a089cbf3991&static_fare_key=TY%7CP0%7CH1%7CL1_1_25%7CCH1%7CR1%7CTBC1&itinerary_key=VWNaESZqEyp0lthFo-Vdeg&expected_price_source=share&expected_price_currency=usd&expected_price=136&marker=747646,2026-09-05T17:05:00+04:00,6
2026-08-30T16:13:58.879222+00:00,TAS,IST,Tashkent -> Istanbul,166,https://www.aviasales.com/search/TAS0509IST1?t=C617886102001788623100000335TASIST_9c966dde2dc6b1462a30804b68f1804e_14313&search_date=30082026&expected_price_uuid=01a05356-0d3c-8030-e469-29c196faff8d&static_fare_key=TY%7CP1%7CH0%7CL1_2_0%7CCH0%7CR0%7CTBC1&itinerary_key=h6hCiUGjYAZIcjId7nuvfg&expected_price_source=share&expected_price_currency=usd&expected_price=166&marker=747646,2026-09-05T12:10:00+05:00,6
2026-08-30T16:13:58.879222+00:00,TAS,DXB,Tashkent -> Dubai,134,https://www.aviasales.com/search/TAS1409SHJ1?t=G917893950001789404000000210TASSHJ_aa50bf352680c37eb258180e93c53211_11566&search_date=30082026&expected_price_uuid=01a052c8-104e-8030-af68-e512472d9e23&static_fare_key=TY%7CP0%7CH1%7CL0%7CCH1%7CR0%7CTBC0&itinerary_key=LcN-EnTFeZQPAgpg3UYSpA&expected_price_source=share&expected_price_currency=usd&expected_price=134&marker=747646,2026-09-14T14:10:00+05:00,15
2026-08-30T16:13:58.879222+00:00,TAS,ICN,Tashkent -> Seoul,224,https://www.aviasales.com/search/TAS1106ICN1?t=HY18127536001812789600000360TASICN_f4f8100dd88db5230e4b5f1ef0293afc_18825&search_date=26082026&expected_price_uuid=01a03dfe-6ceb-8030-6149-2164e691deed&static_fare_key=TY%7CP1%7CH1%7CL1_1_23%7CCH0%7CR0%7CTBC1&itinerary_key=0rwDk0D7N1NbXDYHol_rgA&destination_airports=0&expected_price_source=share&expected_price_currency=usd&expected_price=224&marker=747646,2027-06-11T22:40:00+05:00,285
2026-08-30T16:13:58.879222+00:00,TAS,BKK,Tashkent -> Bangkok,220,https://www.aviasales.com/search/TAS2010BKK1?t=AI17925054001792696800003070TASSHJTRVBOMBKK_94b6c0564742ec72d191204c3c8d9f72_18928&search_date=30082026&expected_price_uuid=01a0534f-d13a-8050-e4a7-40423b45abee&static_fare_key=TY%7CP1%7CH1%7CL0%7CCH0%7CR0%7CTBC0&itinerary_key=qQg-d7xXVEEXzDwwDqmBrw&expected_price_source=share&expected_price_currency=usd&expected_price=220&marker=747646,2026-10-20T14:10:00+05:00,51
2026-08-30T16:13:58.879222+00:00,TAS,BCN,Tashkent -> Barcelona,212,https://www.aviasales.com/search/TAS1511BCN1?t=W417947452001794831900001685TASEVNMXPBCN_4efcfc512b6365461a4197b8b426cb95_18265&search_date=29082026&expected_price_uuid=01a04d23-f784-8030-ec6e-8ef75b32b595&static_fare_key=TY%7CP0%7CH0%7CL0%7CCH0%7CR0%7CTBC0&itinerary_key=xlzONWZ0SuH0l0KLFK1xCg&expected_price_source=share&expected_price_currency=usd&expected_price=212&marker=747646,2026-11-15T12:20:00+05:00,77
2026-08-30T16:13:58.879222+00:00,TAS,VCE,Tashkent -> Venice,225,https://www.aviasales.com/search/TAS0811VCE1?t=5F17941254001794170400000990TASRMOVCE_8d46cbe1d5a0b64de1059cbedcc1608f_18833&search_date=25082026&expected_price_uuid=01a03ac7-1949-8030-a74c-4825f3eb7c24&static_fare_key=TY%7CP1%7CH0%7CL0%7CCH0%7CR0%7CTBC0&itinerary_key=hVQG0FLAeTrXDbKBhMpIvw&expected_price_source=share&expected_price_currency=usd&expected_price=225&marker=747646,2026-11-08T08:10:00+05:00,70
2026-08-30T16:13:58.879222+00:00,TAS,LON,Tashkent -> London,152,https://www.aviasales.com/search/TAS0702LON1?t=VF18019989001802097600001945TASBSZSAWSTN_670c9c36ac9347967e32ff23f89a572f_13036&search_date=30082026&expected_price_uuid=01a050ad-70f0-8030-a968-fcd60ca9f723&static_fare_key=TY%7CP0%7CH0%7CL0%7CCH0%7CR0%7CTBC0&itinerary_key=iVaWi7oCocF4jMBkJHCE8A&expected_price_source=share&expected_price_currency=usd&expected_price=152&marker=747646,2027-02-07T11:15:00+05:00,161
2026-08-30T16:13:58.879222+00:00,SKD,MOW,Samarkand -> Moscow,76,https://www.aviasales.com/search/SKD2207MOW1?t=HH18162396001816301700001155SKDTASVKO_9afe4afd2517c4563407b26e52972437_6497&search_date=28082026&expected_price_uuid=01a04890-d616-8030-6a05-0a90ab76f028&static_fare_key=TY%7CP1%7CH1%7CL1_1_25%7CCH0%7CR0%7CTBC1&itinerary_key=_-Lt-uL20O50LxpUclNKGw&expected_price_source=share&expected_price_currency=usd&expected_price=76&marker=747646,2027-07-22T07:00:00+05:00,326
2026-08-30T16:13:58.879222+00:00,MOW,IST,Moscow -> Istanbul,76,https://www.aviasales.com/search/MOW3108IST1?t=DP17881590001788178200000320VKOIST_494ceddb97a2390e48549e46f4400fd4_6513&search_date=30082026&expected_price_uuid=01a05371-0fc2-8050-6493-ab4b035bb368&static_fare_key=TY%7CP0%7CH1%7CL0%7CCH1%7CR0%7CTBC0&itinerary_key=SNsTbH_zp9SrlfBQ4A2-gQ&expected_price_source=share&expected_price_currency=usd&expected_price=76&marker=747646,2026-08-31T06:50:00+03:00,1
2026-08-30T16:13:58.879222+00:00,MOW,DXB,Moscow -> Dubai,182,https://www.aviasales.com/search/MOW0412DXB1?t=DP17963751001796398800000335VKODWC_373788f8d2624015bdd7b891a4ea79f1_15660&search_date=30082026&expected_price_uuid=01a05357-36a0-8050-efed-1c66fc239687&static_fare_key=TY%7CP0%7CH1%7CL0%7CCH1%7CR0%7CTBC0&itinerary_key=fH2UXwWeh0BM60GVVnwaZA&expected_price_source=share&expected_price_currency=usd&expected_price=182&marker=747646,2026-12-04T09:05:00+03:00,96
2026-08-30T16:13:58.879222+00:00,MOW,TAS,Moscow -> Tashkent,110,https://www.aviasales.com/search/MOW0202TAS1?t=DP18015972001801619400000250VKOTAS_10cb14f7bdaf1fd53a7d875969a34b0d_9498&search_date=30082026&expected_price_uuid=01a050be-b2bd-8030-a40e-944292ffa514&static_fare_key=TY%7CP0%7CH1%7CL0%7CCH0%7CR0%7CTBC0&itinerary_key=bjxuAmR-ikZ8gyuY57SXhw&expected_price_source=share&expected_price_currency=usd&expected_price=110&marker=747646,2027-02-02T19:40:00+03:00,156
2026-08-30T16:13:58.879222+00:00,LON,IST,London -> Istanbul,46,https://www.aviasales.com/search/LON1410IST1?t=W917919615001791983400000245LTNIST_3388737c2a24ac25517a3b1606438c14_3926&search_date=29082026&expected_price_uuid=01a04f07-3f8f-8050-2ff7-22e8600d6dde&static_fare_key=TY%7CP1%7CH0%7CL0%7CCH0%7CR0%7CTBC0&itinerary_key=Wqrx2jlYOtyY6qJVXojV8w&expected_price_source=share&expected_price_currency=usd&expected_price=46&marker=747646,2026-10-14T07:05:00+01:00,45
2026-08-30T16:13:58.879222+00:00,LON,TAS,London -> Tashkent,199,https://www.aviasales.com/search/LON1501TAS1?t=W618000123001800183600002555LTNBTSEVNTAS_804b99512a0127f1592c057bcede3395_17090&search_date=30082026&expected_price_uuid=01a05021-cf51-8030-ede2-6ca13fb63e46&static_fare_key=TY%7CP0%7CH0%7CL0%7CCH0%7CR0%7CTBC0&itinerary_key=aKbxpz0KKSk7aNUly6X78g&expected_price_source=share&expected_price_currency=usd&expected_price=199&marker=747646,2027-01-15T11:25:00Z,138
2026-08-30T16:13:58.879222+00:00,LON,DXB,London -> Dubai,90,https://www.aviasales.com/search/LON2110DXB1?t=VF17926194001792720500001505LTNTIASAWDXB_99d12f25f067ff4115aff6636aa5810e_7768&search_date=29082026&expected_price_uuid=01a04fc8-35bf-8030-644f-10beb25027c9&static_fare_key=TY%7CP1%7CH0%7CL0%7CCH0%7CR0%7CTBC0&itinerary_key=gwzbVvrSpXL_RnXWkTbvLA&expected_price_source=share&expected_price_currency=usd&expected_price=90&marker=747646,2026-10-21T21:50:00+01:00,52
2026-08-30T16:13:58.879222+00:00,DXB,IST,Dubai -> Istanbul,96,https://www.aviasales.com/search/SHJ2309IST1?t=PC17901390001790152200000280SHJSAW_4b9ce34d00449cd5b5f5a4d787a5375d_8283&search_date=30082026&expected_price_uuid=01a05248-d3b9-8050-a717-3ef515142d06&static_fare_key=TY%7CP1%7CH0%7CL0%7CCH0%7CR0%7CTBC0&itinerary_key=5mw-OnNPHklDlmetw3v2Kg&expected_price_source=share&expected_price_currency=usd&expected_price=96&marker=747646,2026-09-23T04:50:00+04:00,24
2026-08-30T16:13:58.879222+00:00,DXB,LON,Dubai -> London,123,https://www.aviasales.com/search/DXB0210LON1?t=VF17909103001790952000000875DXBSAWSTN_1d54ced6956037100e42ba54008e7156_10620&search_date=29082026&expected_price_uuid=01a04ecc-2c7a-8030-2234-20a0289d665b&static_fare_key=TY%7CP1%7CH0%7CL0%7CCH0%7CR0%7CTBC0&itinerary_key=GmO7F-G4x1YUyNWcr3kDPg&expected_price_source=share&expected_price_currency=usd&expected_price=123&marker=747646,2026-10-02T03:05:00+04:00,33
2026-08-30T16:13:58.879222+00:00,DXB,BKK,Dubai -> Bangkok,136,https://www.aviasales.com/search/SHJ0509BKK1?t=AI17886279001788726300001460SHJATQDELBKK_518ee4aa35a45b515cf17268a80dc353_11721&search_date=29082026&expected_price_uuid=01a04f77-c80b-8030-22cd-6a089cbf3991&static_fare_key=TY%7CP0%7CH1%7CL1_1_25%7CCH1%7CR1%7CTBC1&itinerary_key=VWNaESZqEyp0lthFo-Vdeg&expected_price_source=share&expected_price_currency=usd&expected_price=136&marker=747646,2026-09-05T17:05:00+04:00,6
2026-08-31T11:55:44.474425+00:00,TAS,IST,Tashkent -> Istanbul,166,https://www.aviasales.com/search/TAS0309IST1?t=C617884134001788426300000335TASIST_5a3583f6dac90fa8042d0562a9489681_14325&search_date=31082026&expected_price_uuid=01a057a7-0821-8030-e330-9c16165a5e49&static_fare_key=TY%7CP1%7CH0%7CL1_2_0%7CCH0%7CR0%7CTBC1&itinerary_key=54CZ9dvAXI_QJesRr6b0Bg&expected_price_source=share&expected_price_currency=usd&expected_price=166&marker=747646,2026-09-03T05:30:00+05:00,3
2026-08-31T11:55:44.474425+00:00,TAS,DXB,Tashkent -> Dubai,134,https://www.aviasales.com/search/TAS1010SHJ1?t=G917916027001791611700000210TASSHJ_153dbc6104029cec3dfe257126ae1daf_11589&search_date=31082026&expected_price_uuid=01a05744-c75a-8050-a8d3-464876af278d&static_fare_key=TY%7CP1%7CH1%7CL0%7CCH1%7CR0%7CTBC0&itinerary_key=IRE3lxaQa9d4J22ZALr1cg&expected_price_source=share&expected_price_currency=usd&expected_price=134&marker=747646,2026-10-10T03:25:00+05:00,40
2026-08-31T11:55:44.474425+00:00,TAS,ICN,Tashkent -> Seoul,224,https://www.aviasales.com/search/TAS1106ICN1?t=HY18127536001812789600000360TASICN_f4f8100dd88db5230e4b5f1ef0293afc_18825&search_date=26082026&expected_price_uuid=01a03dfe-6ceb-8030-6149-2164e691deed&static_fare_key=TY%7CP1%7CH1%7CL1_1_23%7CCH0%7CR0%7CTBC1&itinerary_key=0rwDk0D7N1NbXDYHol_rgA&destination_airports=0&expected_price_source=share&expected_price_currency=usd&expected_price=224&marker=747646,2027-06-11T22:40:00+05:00,284
2026-08-31T11:55:44.474425+00:00,TAS,BKK,Tashkent -> Bangkok,207,https://www.aviasales.com/search/TAS0110BKK1?t=C617908857001790917200000405TASBKK_d719b11fc3811132f94266edeb3f0cfc_17925&search_date=31082026&expected_price_uuid=01a05795-06e6-8030-a53c-b2f742604255&static_fare_key=TY%7CP1%7CH1%7CL0%7CCH0%7CR0%7CTBC0&itinerary_key=yw96POh7r7hpKXU6BByHmw&expected_price_source=share&expected_price_currency=usd&expected_price=207&marker=747646,2026-10-01T20:15:00+05:00,31
2026-08-31T11:55:44.474425+00:00,TAS,BCN,Tashkent -> Barcelona,212,https://www.aviasales.com/search/TAS1511BCN1?t=W417947452001794831900001685TASEVNMXPBCN_4efcfc512b6365461a4197b8b426cb95_18265&search_date=29082026&expected_price_uuid=01a04d23-f784-8030-ec6e-8ef75b32b595&static_fare_key=TY%7CP0%7CH0%7CL0%7CCH0%7CR0%7CTBC0&itinerary_key=xlzONWZ0SuH0l0KLFK1xCg&expected_price_source=share&expected_price_currency=usd&expected_price=212&marker=747646,2026-11-15T12:20:00+05:00,76
2026-08-31T11:55:44.474425+00:00,TAS,VCE,Tashkent -> Venice,225,https://www.aviasales.com/search/TAS0811VCE1?t=5F17941254001794170400000990TASRMOVCE_8d46cbe1d5a0b64de1059cbedcc1608f_18833&search_date=25082026&expected_price_uuid=01a03ac7-1949-8030-a74c-4825f3eb7c24&static_fare_key=TY%7CP1%7CH0%7CL0%7CCH0%7CR0%7CTBC0&itinerary_key=hVQG0FLAeTrXDbKBhMpIvw&expected_price_source=share&expected_price_currency=usd&expected_price=225&marker=747646,2026-11-08T08:10:00+05:00,69
2026-08-31T11:55:44.474425+00:00,TAS,LON,Tashkent -> London,151,https://www.aviasales.com/search/TAS1402LON1?t=VF18026037001802702400001945TASBSZSAWSTN_15e09a608f68b4d62282dc4c63d74ca7_13011&search_date=31082026&expected_price_uuid=01a05616-c864-8040-6b74-7db4c033efc8&static_fare_key=TY%7CP0%7CH0%7CL0%7CCH0%7CR0%7CTBC0&itinerary_key=iVaWi7oCocF4jMBkJHCE8A&expected_price_source=share&expected_price_currency=usd&expected_price=151&marker=747646,2027-02-14T11:15:00+05:00,167
2026-08-31T11:55:44.474425+00:00,SKD,MOW,Samarkand -> Moscow,76,https://www.aviasales.com/search/SKD2207MOW1?t=HH18162396001816301700001155SKDTASVKO_9afe4afd2517c4563407b26e52972437_6497&search_date=28082026&expected_price_uuid=01a04890-d616-8030-6a05-0a90ab76f028&static_fare_key=TY%7CP1%7CH1%7CL1_1_25%7CCH0%7CR0%7CTBC1&itinerary_key=_-Lt-uL20O50LxpUclNKGw&expected_price_source=share&expected_price_currency=usd&expected_price=76&marker=747646,2027-07-22T07:00:00+05:00,325
2026-08-31T11:55:44.474425+00:00,MOW,IST,Moscow -> Istanbul,111,https://www.aviasales.com/search/MOW0109IST1?t=DP17882454001788264300000315VKOIST_2c838dd75a1f839e3065add3f5cb7b5f_9620&search_date=31082026&expected_price_uuid=01a057a8-abbf-8050-a792-bdb524fb18a0&static_fare_key=TY%7CP0%7CH1%7CL0%7CCH1%7CR0%7CTBC0&itinerary_key=Og-xNPrt1RAxotk1TZVnZA&expected_price_source=share&expected_price_currency=usd&expected_price=111&marker=747646,2026-09-01T06:50:00+03:00,1
2026-08-31T11:55:44.474425+00:00,MOW,DXB,Moscow -> Dubai,181,https://www.aviasales.com/search/MOW2001DXB1?t=DP18004359001800459600000335VKODWC_ce0e3b8a2540e0dcfd47d77750b634f1_15650&search_date=31082026&expected_price_uuid=01a05730-feb8-8050-2251-e195af15e4f9&static_fare_key=TY%7CP0%7CH1%7CL0%7CCH1%7CR0%7CTBC0&itinerary_key=fH2UXwWeh0BM60GVVnwaZA&expected_price_source=share&expected_price_currency=usd&expected_price=181&marker=747646,2027-01-20T09:05:00+03:00,142
2026-08-31T11:55:44.474425+00:00,MOW,TAS,Moscow -> Tashkent,111,https://www.aviasales.com/search/MOW0703TAS1?t=DP18044484001804470600000250VKOTAS_cf5766c6a9fca2e6cb4d6261fc86371a_9579&search_date=31082026&expected_price_uuid=01a0576f-82a6-8050-a2f3-9d13d034f85f&static_fare_key=TY%7CP0%7CH1%7CL0%7CCH1%7CR0%7CTBC0&itinerary_key=bjxuAmR-ikZ8gyuY57SXhw&expected_price_source=share&expected_price_currency=usd&expected_price=111&marker=747646,2027-03-07T19:40:00+03:00,188
2026-08-31T11:55:44.474425+00:00,LON,IST,London -> Istanbul,46,https://www.aviasales.com/search/LON1410IST1?t=W917919615001791983400000245LTNIST_3388737c2a24ac25517a3b1606438c14_3926&search_date=29082026&expected_price_uuid=01a04f07-3f8f-8050-2ff7-22e8600d6dde&static_fare_key=TY%7CP1%7CH0%7CL0%7CCH0%7CR0%7CTBC0&itinerary_key=Wqrx2jlYOtyY6qJVXojV8w&expected_price_source=share&expected_price_currency=usd&expected_price=46&marker=747646,2026-10-14T07:05:00+01:00,44
2026-08-31T11:55:44.474425+00:00,LON,TAS,London -> Tashkent,215,https://www.aviasales.com/search/LON2901TAS1?t=W918012282001801393200002450LTNEVNTAS_d8f0939b5b81fe0bbf99b8c460b94903_18444&search_date=31082026&expected_price_uuid=01a055fc-045c-8040-a6a3-70cac4244f73&static_fare_key=TY%7CP0%7CH0%7CL0%7CCH0%7CR0%7CTBC0&itinerary_key=kSyc5YzpLaCFBBW9qxDInA&expected_price_source=share&expected_price_currency=usd&expected_price=215&marker=747646,2027-01-29T13:10:00Z,151
2026-08-31T11:55:44.474425+00:00,LON,DXB,London -> Dubai,90,https://www.aviasales.com/search/LON2110DXB1?t=VF17926194001792720500001505LTNTIASAWDXB_99d12f25f067ff4115aff6636aa5810e_7768&search_date=29082026&expected_price_uuid=01a04fc8-35bf-8030-644f-10beb25027c9&static_fare_key=TY%7CP1%7CH0%7CL0%7CCH0%7CR0%7CTBC0&itinerary_key=gwzbVvrSpXL_RnXWkTbvLA&expected_price_source=share&expected_price_currency=usd&expected_price=90&marker=747646,2026-10-21T21:50:00+01:00,51
2026-08-31T11:55:44.474425+00:00,DXB,IST,Dubai -> Istanbul,97,https://www.aviasales.com/search/SHJ2309IST1?t=PC17901390001790152200000280SHJSAW_4b9ce34d00449cd5b5f5a4d787a5375d_8344&search_date=30082026&expected_price_uuid=01a053ef-38b3-8050-eab0-2a72c222f579&static_fare_key=TY%7CP1%7CH0%7CL0%7CCH0%7CR0%7CTBC0&itinerary_key=5mw-OnNPHklDlmetw3v2Kg&expected_price_source=share&expected_price_currency=usd&expected_price=97&marker=747646,2026-09-23T04:50:00+04:00,23
2026-08-31T11:55:44.474425+00:00,DXB,LON,Dubai -> London,115,https://www.aviasales.com/search/DXB0610LON1?t=VF17912559001791297600000875DXBSAWSTN_a90c493cd8e60a5ba92eedadf726875b_9841&search_date=27082026&expected_price_uuid=01a042ef-4c19-8030-ecf2-674be99dd330&static_fare_key=TY%7CP0%7CH0%7CL0%7CCH1%7CR0%7CTBC0&itinerary_key=GmO7F-G4x1YUyNWcr3kDPg&expected_price_source=share&expected_price_currency=usd&expected_price=114&marker=747646,2026-10-06T03:05:00+04:00,36
2026-08-31T11:55:44.474425+00:00,DXB,BKK,Dubai -> Bangkok,137,https://www.aviasales.com/search/SHJ2409BKK1?t=AI17902695001790367900001460SHJATQDELBKK_b8070e6b23d5c6b61e4af99db94c8c4d_11846&search_date=31082026&expected_price_uuid=01a0577c-38d4-8051-2a03-897895a7f97f&static_fare_key=TY%7CP1%7CH1%7CL1_1_25%7CCH1%7CR1%7CTBC1&itinerary_key=VWNaESZqEyp0lthFo-Vdeg&expected_price_source=share&expected_price_currency=usd&expected_price=137&marker=747646,2026-09-24T17:05:00+04:00,24
2026-09-01T10:35:47.486850+00:00,TAS,IST,Tashkent -> Istanbul,166,https://www.aviasales.com/search/TAS0908IST1?t=HH18178080001817820600000330TASIST_068f7ef07417de7459aba0bad343b281_14343&search_date=01092026&expected_price_uuid=01a05bc0-9282-8030-227d-13472150bb2d&static_fare_key=TY%7CP0%7CH0%7CL0%7CCH0%7CR0%7CTBC0&itinerary_key=32FoQSK6vJe94tYMSVAptQ&expected_price_source=share&expected_price_currency=usd&expected_price=166&marker=747646,2027-08-09T10:40:00+05:00,342
2026-09-01T10:35:47.486850+00:00,TAS,DXB,Tashkent -> Dubai,139,https://www.aviasales.com/search/TAS1209SHJ1?t=G917891853001789196700000250TASSHJ_c62544f1b7befc7d2b042dea690c3f19_12057&search_date=01092026&expected_price_uuid=01a05c74-36d7-8050-2c74-559f24545a4d&static_fare_key=TY%7CP1%7CH1%7CL0%7CCH1%7CR0%7CTBC0&itinerary_key=PYtISNoFwID86dp0Ljq6yQ&expected_price_source=share&expected_price_currency=usd&expected_price=139&marker=747646,2026-09-12T03:55:00+05:00,11
2026-09-01T10:35:47.486850+00:00,TAS,ICN,Tashkent -> Seoul,222,https://www.aviasales.com/search/TAS2908ICN1?t=HY18195783001819614300000360TASICN_ebd5c59fbb2460f3d6b22da6bb72bda7_18992&search_date=01092026&expected_price_uuid=01a05c0f-bc50-8030-2e13-9697ac739ca2&static_fare_key=TY%7CP1%7CH1%7CL1_1_23%7CCH1%7CR1%7CTBC1&itinerary_key=Z-bbHR0ZU9-Pq9EoV_3UWw&destination_airports=0&expected_price_source=share&expected_price_currency=usd&expected_price=222&marker=747646,2027-08-29T22:25:00+05:00,362
2026-09-01T10:35:47.486850+00:00,TAS,BKK,Tashkent -> Bangkok,220,https://www.aviasales.com/search/TAS0309BKK1?t=HY17884749001788504000000365TASBKK_b3ee6a2b24e1d7c3e4d4d098392bbad3_19056&search_date=01092026&expected_price_uuid=01a05c6d-68d2-8051-2192-4f4b050265f2&static_fare_key=TY%7CP1%7CH1%7CL0%7CCH0%7CR0%7CTBC0&itinerary_key=cRJ4vSAJzWyw7-wgpyfXQg&expected_price_source=share&expected_price_currency=usd&expected_price=220&marker=747646,2026-09-03T22:35:00+05:00,2
2026-09-01T10:35:47.486850+00:00,TAS,BCN,Tashkent -> Barcelona,212,https://www.aviasales.com/search/TAS1511BCN1?t=W417947452001794831900001685TASEVNMXPBCN_4efcfc512b6365461a4197b8b426cb95_18265&search_date=29082026&expected_price_uuid=01a04d23-f784-8030-ec6e-8ef75b32b595&static_fare_key=TY%7CP0%7CH0%7CL0%7CCH0%7CR0%7CTBC0&itinerary_key=xlzONWZ0SuH0l0KLFK1xCg&expected_price_source=share&expected_price_currency=usd&expected_price=212&marker=747646,2026-11-15T12:20:00+05:00,75
2026-09-01T10:35:47.486850+00:00,TAS,VCE,Tashkent -> Venice,219,https://www.aviasales.com/search/TAS0410VCE1?t=W417911164001791162600000950TASEVNVCE_6d6e319aa3454c06afeb4bb54cefbb9f_18928&search_date=31082026&expected_price_uuid=01a058a3-30bc-8030-2a96-aa4b37a9e562&static_fare_key=TY%7CP1%7CH0%7CL0%7CCH0%7CR0%7CTBC0&itinerary_key=vvglQwxIsOkmjYzv1zWHow&expected_price_source=share&expected_price_currency=usd&expected_price=219&marker=747646,2026-10-04T12:20:00+05:00,33
2026-09-01T10:35:47.486850+00:00,TAS,LON,Tashkent -> London,152,https://www.aviasales.com/search/TAS2802LON1?t=VF18038133001803912000001945TASBSZSAWSTN_b28579e956b70be2c692b5b613854a0f_13133&search_date=01092026&expected_price_uuid=01a05a5f-dc01-8040-65e8-7a3b6f4f3790&static_fare_key=TY%7CP0%7CH0%7CL0%7CCH0%7CR0%7CTBC0&itinerary_key=iVaWi7oCocF4jMBkJHCE8A&expected_price_source=share&expected_price_currency=usd&expected_price=152&marker=747646,2027-02-28T11:15:00+05:00,180
2026-09-01T10:35:47.486850+00:00,SKD,MOW,Samarkand -> Moscow,77,https://www.aviasales.com/search/SKD2207MOW1?t=HH18162396001816259400000450SKDTASVKO_9ea2b8d01d99ec2de745edef2bb4960a_6675&search_date=31082026&expected_price_uuid=01a058f0-fdd7-8030-a5f4-1a5a69c9298f&static_fare_key=TY%7CP1%7CH1%7CL1_1_23%7CCH0%7CR0%7CTBC1&itinerary_key=CmkQbLiDvP7uZz2ZbRg38Q&expected_price_source=share&expected_price_currency=usd&expected_price=77&marker=747646,2027-07-22T07:00:00+05:00,324
2026-09-01T10:35:47.486850+00:00,MOW,IST,Moscow -> Istanbul,110,https://www.aviasales.com/search/MOW0209IST1?t=DP17883312001788350100000315VKOIST_ed454aaba12a3331d19c7a16b9a70903_9568&search_date=01092026&expected_price_uuid=01a05c87-ed85-8050-e9fb-91791b8454dd&static_fare_key=TY%7CP0%7CH1%7CL0%7CCH1%7CR0%7CTBC0&itinerary_key=W2Rdd9bXsco-PDC7oekGvg&expected_price_source=share&expected_price_currency=usd&expected_price=110&marker=747646,2026-09-02T06:40:00+03:00,1
2026-09-01T10:35:47.486850+00:00,MOW,DXB,Moscow -> Dubai,181,https://www.aviasales.com/search/MOW2011DXB1?t=DP17951655001795189200000335VKODWC_a72f1957ffe5377a9cabdbfd3e463df6_15694&search_date=01092026&expected_price_uuid=01a05c80-9bdc-8050-ab86-3b981bcbdaa2&static_fare_key=TY%7CP0%7CH1%7CL0%7CCH1%7CR0%7CTBC0&itinerary_key=fH2UXwWeh0BM60GVVnwaZA&expected_price_source=share&expected_price_currency=usd&expected_price=181&marker=747646,2026-11-20T09:05:00+03:00,80
2026-09-01T10:35:47.486850+00:00,MOW,TAS,Moscow -> Tashkent,111,https://www.aviasales.com/search/MOW2801TAS1?t=DP18011652001801187400000250VKOTAS_55ca3c9700cfa91a55d583b658cd3233_9586&search_date=01092026&expected_price_uuid=01a05ae3-ce19-8040-ab1b-5d1353898e37&static_fare_key=TY%7CP0%7CH1%7CL0%7CCH0%7CR0%7CTBC0&itinerary_key=bjxuAmR-ikZ8gyuY57SXhw&expected_price_source=share&expected_price_currency=usd&expected_price=111&marker=747646,2027-01-28T19:40:00+03:00,149
2026-09-01T10:35:47.486850+00:00,LON,IST,London -> Istanbul,60,https://www.aviasales.com/search/LON1410IST1?t=W917919615001791983400000245LTNIST_3388737c2a24ac25517a3b1606438c14_5136&search_date=31082026&expected_price_uuid=01a0593c-afe7-8050-a529-c0da33f63089&static_fare_key=TY%7CP1%7CH0%7CL0%7CCH0%7CR0%7CTBC0&itinerary_key=Wqrx2jlYOtyY6qJVXojV8w&expected_price_source=share&expected_price_currency=usd&expected_price=60&marker=747646,2026-10-14T07:05:00+01:00,43
2026-09-01T10:35:47.486850+00:00,LON,TAS,London -> Tashkent,198,https://www.aviasales.com/search/LON1501TAS1?t=W618000123001800183600002555LTNBTSEVNTAS_804b99512a0127f1592c057bcede3395_17048&search_date=01092026&expected_price_uuid=01a05ac3-8143-8040-a1b5-c63b4de34c1b&static_fare_key=TY%7CP0%7CH0%7CL0%7CCH0%7CR0%7CTBC0&itinerary_key=aKbxpz0KKSk7aNUly6X78g&expected_price_source=share&expected_price_currency=usd&expected_price=198&marker=747646,2027-01-15T11:25:00Z,136
2026-09-01T10:35:47.486850+00:00,LON,DXB,London -> Dubai,91,https://www.aviasales.com/search/LON2010DXB1?t=VF17925330001792634100001505LTNTIASAWDXB_51ce2d429cceae5421d34be9ad331a2f_7812&search_date=30082026&expected_price_uuid=01a051a7-337c-8050-2c51-b45e3173cf4b&static_fare_key=TY%7CP1%7CH0%7CL0%7CCH0%7CR0%7CTBC0&itinerary_key=gwzbVvrSpXL_RnXWkTbvLA&expected_price_source=share&expected_price_currency=usd&expected_price=91&marker=747646,2026-10-20T21:50:00+01:00,49
2026-09-01T10:35:47.486850+00:00,DXB,IST,Dubai -> Istanbul,96,https://www.aviasales.com/search/SHJ1109IST1?t=PC17891112001789126500000315SHJSAW_148c3c5e95abe01f844656c9df21fa11_8341&search_date=01092026&expected_price_uuid=01a05c84-8d0e-8030-e73c-fea573567375&static_fare_key=TY%7CP0%7CH0%7CL0%7CCH0%7CR0%7CTBC0&itinerary_key=e_VfU7A27f59x4x266Xyvw&expected_price_source=share&expected_price_currency=usd&expected_price=96&marker=747646,2026-09-11T07:20:00+04:00,10
2026-09-01T10:35:47.486850+00:00,DXB,LON,Dubai -> London,115,https://www.aviasales.com/search/DXB0610LON1?t=VF17912559001791297600000875DXBSAWSTN_a90c493cd8e60a5ba92eedadf726875b_9841&search_date=27082026&expected_price_uuid=01a042ef-4c19-8030-ecf2-674be99dd330&static_fare_key=TY%7CP0%7CH0%7CL0%7CCH1%7CR0%7CTBC0&itinerary_key=GmO7F-G4x1YUyNWcr3kDPg&expected_price_source=share&expected_price_currency=usd&expected_price=114&marker=747646,2026-10-06T03:05:00+04:00,35
2026-09-01T10:35:47.486850+00:00,DXB,BKK,Dubai -> Bangkok,138,https://www.aviasales.com/search/SHJ0509BKK1?t=AI17886279001788726300001460SHJATQDELBKK_518ee4aa35a45b515cf17268a80dc353_11864&search_date=31082026&expected_price_uuid=01a0564d-bddb-8051-27f8-ced4f560405c&static_fare_key=TY%7CP1%7CH1%7CL1_1_25%7CCH1%7CR1%7CTBC1&itinerary_key=VWNaESZqEyp0lthFo-Vdeg&expected_price_source=share&expected_price_currency=usd&expected_price=138&marker=747646,2026-09-05T17:05:00+04:00,4
2026-09-02T10:00:37.108470+00:00,TAS,IST,Tashkent -> Istanbul,166,https://www.aviasales.com/search/TAS0908IST1?t=HH18178080001817820600000330TASIST_068f7ef07417de7459aba0bad343b281_14392&search_date=02092026&expected_price_uuid=01a060bf-366b-8030-609a-1845e79eeed1&static_fare_key=TY%7CP0%7CH0%7CL0%7CCH0%7CR0%7CTBC0&itinerary_key=32FoQSK6vJe94tYMSVAptQ&expected_price_source=share&expected_price_currency=usd&expected_price=166&marker=747646,2027-08-09T10:40:00+05:00,341
2026-09-02T10:00:37.108470+00:00,TAS,DXB,Tashkent -> Dubai,133,https://www.aviasales.com/search/TAS0409DXB1?t=C617885082001788519300000245TASDXB_e2bd0731a681d828c3ed7648336a2bdb_11519&search_date=02092026&expected_price_uuid=01a0617d-31b6-8030-2ef9-1b87127dbed2&static_fare_key=TY%7CP1%7CH1%7CL0%7CCH0%7CR0%7CTBC0&itinerary_key=CslG_QugSi_nhAv0NlXuSw&expected_price_source=share&expected_price_currency=usd&expected_price=133&marker=747646,2026-09-04T07:50:00+05:00,2
2026-09-02T10:00:37.108470+00:00,TAS,ICN,Tashkent -> Seoul,222,https://www.aviasales.com/search/TAS2908ICN1?t=HY18195783001819614300000360TASICN_ebd5c59fbb2460f3d6b22da6bb72bda7_19262&search_date=01092026&expected_price_uuid=01a05d97-7532-8030-ef0d-42b869bfe100&static_fare_key=TY%7CP1%7CH1%7CL1_1_23%7CCH1%7CR1%7CTBC1&itinerary_key=Z-bbHR0ZU9-Pq9EoV_3UWw&destination_airports=0&expected_price_source=share&expected_price_currency=usd&expected_price=222&marker=747646,2027-08-29T22:25:00+05:00,361
2026-09-02T10:00:37.108470+00:00,TAS,BKK,Tashkent -> Bangkok,209,https://www.aviasales.com/search/TAS0110BKK1?t=C617908857001790917200000405TASBKK_d719b11fc3811132f94266edeb3f0cfc_18142&search_date=02092026&expected_price_uuid=01a06186-99ba-8050-6cc9-0db60a05bf23&static_fare_key=TY%7CP1%7CH1%7CL0%7CCH0%7CR0%7CTBC0&itinerary_key=yw96POh7r7hpKXU6BByHmw&expected_price_source=share&expected_price_currency=usd&expected_price=209&marker=747646,2026-10-01T20:15:00+05:00,29
2026-09-02T10:00:37.108470+00:00,TAS,BCN,Tashkent -> Barcelona,204,https://www.aviasales.com/search/TAS1511BCN1?t=W417947452001794874200002390TASEVNMXPBCN_cf0fa5c115b34074173794c79f60b376_17720&search_date=02092026&expected_price_uuid=01a06071-324e-8030-20b5-e8239dcb4888&static_fare_key=TY%7CP0%7CH0%7CL0%7CCH0%7CR0%7CTBC0&itinerary_key=hrnPTJWWowrRTHCBh5vaqg&expected_price_source=share&expected_price_currency=usd&expected_price=204&marker=747646,2026-11-15T12:20:00+05:00,74
2026-09-02T10:00:37.108470+00:00,TAS,VCE,Tashkent -> Venice,203,https://www.aviasales.com/search/TAS0411VCE1?t=W617937948001793861400001350TASEVNVCE_e83c744711186fae19d87424dd485fc4_17620&search_date=02092026&expected_price_uuid=01a0605f-f548-8030-2f3a-08d0fcc10c37&static_fare_key=TY%7CP1%7CH0%7CL0%7CCH0%7CR0%7CTBC0&itinerary_key=vvTmVyuTc5Tuo7OkrweryA&expected_price_source=share&expected_price_currency=usd&expected_price=203&marker=747646,2026-11-04T12:20:00+05:00,63
2026-09-02T10:00:37.108470+00:00,TAS,LON,Tashkent -> London,152,https://www.aviasales.com/search/TAS2211LON1?t=VF17953461001795444800001945TASBSZSAWSTN_92df619b1e90b6d6ce0980602465f0a1_13174&search_date=02092026&expected_price_uuid=01a05f83-7970-8030-e483-40e9392ec2c5&static_fare_key=TY%7CP0%7CH0%7CL0%7CCH0%7CR0%7CTBC0&itinerary_key=iVaWi7oCocF4jMBkJHCE8A&expected_price_source=share&expected_price_currency=usd&expected_price=152&marker=747646,2026-11-22T11:15:00+05:00,81
2026-09-02T10:00:37.108470+00:00,SKD,MOW,Samarkand -> Moscow,76,https://www.aviasales.com/search/SKD2606MOW1?t=HH18140100001814041200000640SKDTASVKO_3eff42595f7abbd2ba8e9301023f88e7_6598&search_date=01092026&expected_price_uuid=01a05d3d-8102-8030-2afb-32b5f2622866&static_fare_key=TY%7CP1%7CH1%7CL1_1_23%7CCH0%7CR0%7CTBC1&itinerary_key=zQC9v6wjzk_zzn7pCmxbNA&expected_price_source=share&expected_price_currency=usd&expected_price=76&marker=747646,2027-06-26T11:40:00+05:00,297
2026-09-02T10:00:37.108470+00:00,MOW,IST,Moscow -> Istanbul,121,https://www.aviasales.com/search/MOW0610IST1?t=2S17912973001791310800000225ZIAIST_01f3c39afb8d403fb51ccaa0f3608657_10459&search_date=02092026&expected_price_uuid=01a0618e-cdb9-8051-2621-c388ad14d468&static_fare_key=TY%7CP0%7CH1%7CL0%7CCH0%7CR0%7CTBC0&itinerary_key=fR5LJ_mWojM1SVMaJXPYQg&expected_price_source=share&expected_price_currency=usd&expected_price=121&marker=747646,2026-10-06T14:35:00+03:00,34
2026-09-02T10:00:37.108470+00:00,MOW,DXB,Moscow -> Dubai,181,https://www.aviasales.com/search/MOW1912DXB1?t=DP17976711001797694800000335VKODWC_166769ebfbaed748447933c458af080a_15684&search_date=01092026&expected_price_uuid=01a05f4c-e272-8050-6765-2a70a4f50426&static_fare_key=TY%7CP0%7CH1%7CL0%7CCH1%7CR0%7CTBC0&itinerary_key=fH2UXwWeh0BM60GVVnwaZA&expected_price_source=share&expected_price_currency=usd&expected_price=181&marker=747646,2026-12-19T09:05:00+03:00,108
2026-09-02T10:00:37.108470+00:00,MOW,TAS,Moscow -> Tashkent,112,https://www.aviasales.com/search/MOW0102TAS1?t=DP18015108001801533000000250VKOTAS_290fefcd0f849f63f9801eaa500081dc_9684&search_date=02092026&expected_price_uuid=01a0602a-083a-8030-ea07-4a3c4f7f6dc0&static_fare_key=TY%7CP0%7CH1%7CL0%7CCH0%7CR0%7CTBC0&itinerary_key=bjxuAmR-ikZ8gyuY57SXhw&expected_price_source=share&expected_price_currency=usd&expected_price=112&marker=747646,2027-02-01T19:40:00+03:00,152
2026-09-02T10:00:37.108470+00:00,LON,IST,London -> Istanbul,59,https://www.aviasales.com/search/LON1410IST1?t=W917919615001791983400000245LTNIST_3388737c2a24ac25517a3b1606438c14_5167&search_date=01092026&expected_price_uuid=01a05d4f-742b-8030-6caa-9873b92b7959&static_fare_key=TY%7CP1%7CH0%7CL0%7CCH0%7CR0%7CTBC0&itinerary_key=Wqrx2jlYOtyY6qJVXojV8w&expected_price_source=share&expected_price_currency=usd&expected_price=59&marker=747646,2026-10-14T07:05:00+01:00,42
2026-09-02T10:00:37.108470+00:00,LON,TAS,London -> Tashkent,200,https://www.aviasales.com/search/LON1501TAS1?t=W918000186001800183600002450LTNEVNTAS_730b57c71831d25e7dafed0e0a48118c_17337&search_date=02092026&expected_price_uuid=01a06038-8374-8030-a5d1-8b51c1b20b75&static_fare_key=TY%7CP0%7CH0%7CL0%7CCH0%7CR0%7CTBC0&itinerary_key=kSyc5YzpLaCFBBW9qxDInA&expected_price_source=share&expected_price_currency=usd&expected_price=200&marker=747646,2027-01-15T13:10:00Z,135
2026-09-02T10:00:37.108470+00:00,LON,DXB,London -> Dubai,95,https://www.aviasales.com/search/LON1010DXB1?t=VF17916645001791770100001580LTNMXPBGYSAWDXB_2d70efa265f2c7988b3395a0e8615a86_8121&search_date=28082026&expected_price_uuid=01a04795-3df0-8030-2833-de54ccd48733&static_fare_key=TY%7CP1%7CH0%7CL0%7CCH0%7CR0%7CTBC0&itinerary_key=j_m1lkM711bGwvatnV3QcA&expected_price_source=share&expected_price_currency=usd&expected_price=95&marker=747646,2026-10-10T20:35:00+01:00,38
2026-09-02T10:00:37.108470+00:00,DXB,IST,Dubai -> Istanbul,95,https://www.aviasales.com/search/SHJ2309IST1?t=PC17901390001790154300000315SHJSAW_c792b00152f01935fce53ee1bc41a26b_8241&search_date=02092026&expected_price_uuid=01a060b3-bd42-8051-209b-069e8ced743a&static_fare_key=TY%7CP1%7CH0%7CL0%7CCH0%7CR0%7CTBC0&itinerary_key=DE6hkpXJ2su0KLUANC4k7A&expected_price_source=share&expected_price_currency=usd&expected_price=95&marker=747646,2026-09-23T04:50:00+04:00,21
2026-09-02T10:00:37.108470+00:00,DXB,LON,Dubai -> London,130,https://www.aviasales.com/search/DXB0910LON1?t=VF17915151001791556800000875DXBSAWSTN_79d9888cfe6798212305be2f65a9c9a1_11139&search_date=30082026&expected_price_uuid=01a0532c-3b26-8050-63f2-237f9f30c39e&static_fare_key=TY%7CP1%7CH0%7CL0%7CCH0%7CR0%7CTBC0&itinerary_key=GmO7F-G4x1YUyNWcr3kDPg&expected_price_source=share&expected_price_currency=usd&expected_price=130&marker=747646,2026-10-09T03:05:00+04:00,37
2026-09-02T10:00:37.108470+00:00,DXB,BKK,Dubai -> Bangkok,139,https://www.aviasales.com/search/SHJ2409BKK1?t=AI17902695001790367900001460SHJATQDELBKK_b8070e6b23d5c6b61e4af99db94c8c4d_12002&search_date=02092026&expected_price_uuid=01a06110-a59f-8050-2bdf-ed53de83f23c&static_fare_key=TY%7CP1%7CH1%7CL1_1_25%7CCH1%7CR1%7CTBC1&itinerary_key=VWNaESZqEyp0lthFo-Vdeg&expected_price_source=share&expected_price_currency=usd&expected_price=139&marker=747646,2026-09-24T17:05:00+04:00,22
2026-09-03T10:11:32.291826+00:00,TAS,IST,Tashkent -> Istanbul,157,https://www.aviasales.com/search/TAS0309IST1?t=HH17884548001788466800000320TASIST_70f8517954732c9c14c525126003f275_13705&search_date=03092026&expected_price_uuid=01a066bd-3e21-8051-283d-141f3577534f&static_fare_key=TY%7CP1%7CH1%7CL0%7CCH1%7CR0%7CTBC0&itinerary_key=CH6GarujdQmGQCcGI3bHNg&expected_price_source=share&expected_price_currency=usd&expected_price=157&marker=747646,2026-09-03T17:00:00+05:00,0
2026-09-03T10:11:32.291826+00:00,TAS,DXB,Tashkent -> Dubai,132,https://www.aviasales.com/search/TAS1109DXB1?t=C617891130001789124100000245TASDXB_1cb2de9d4282c53ea82d74a1cb97190d_11474&search_date=03092026&expected_price_uuid=01a066ad-f514-8030-610e-15d1740e46c4&static_fare_key=TY%7CP1%7CH1%7CL0%7CCH0%7CR0%7CTBC0&itinerary_key=CslG_QugSi_nhAv0NlXuSw&expected_price_source=share&expected_price_currency=usd&expected_price=132&marker=747646,2026-09-11T07:50:00+05:00,8
2026-09-03T10:11:32.291826+00:00,TAS,ICN,Tashkent -> Seoul,221,https://www.aviasales.com/search/TAS2908ICN1?t=HY18195783001819614300000360TASICN_ebd5c59fbb2460f3d6b22da6bb72bda7_19219&search_date=03092026&expected_price_uuid=01a06630-0bc5-8030-edd8-624e2e8e59b7&static_fare_key=TY%7CP1%7CH1%7CL1_1_23%7CCH1%7CR1%7CTBC1&itinerary_key=Z-bbHR0ZU9-Pq9EoV_3UWw&destination_airports=0&expected_price_source=share&expected_price_currency=usd&expected_price=221&marker=747646,2027-08-29T22:25:00+05:00,360
2026-09-03T10:11:32.291826+00:00,TAS,BKK,Tashkent -> Bangkok,221,https://www.aviasales.com/search/TAS0403BKK1?t=C618041328001804200900001015TASHKTBKK_1ef3752a35426b5eef0a7ee389786706_19282&search_date=02092026&expected_price_uuid=01a06314-d757-8050-6646-8c935197fda2&static_fare_key=TY%7CP1%7CH0%7CL0%7CCH0%7CR0%7CTBC0&itinerary_key=eCjHexjvoqMOYkQEIjTpEg&expected_price_source=share&expected_price_currency=usd&expected_price=221&marker=747646,2027-03-04T04:00:00+05:00,182
2026-09-03T10:11:32.291826+00:00,TAS,BCN,Tashkent -> Barcelona,204,https://www.aviasales.com/search/TAS1511BCN1?t=W417947452001794874200002390TASEVNMXPBCN_cf0fa5c115b34074173794c79f60b376_17720&search_date=02092026&expected_price_uuid=01a06071-324e-8030-20b5-e8239dcb4888&static_fare_key=TY%7CP0%7CH0%7CL0%7CCH0%7CR0%7CTBC0&itinerary_key=hrnPTJWWowrRTHCBh5vaqg&expected_price_source=share&expected_price_currency=usd&expected_price=204&marker=747646,2026-11-15T12:20:00+05:00,73
2026-09-03T10:11:32.291826+00:00,TAS,VCE,Tashkent -> Venice,203,https://www.aviasales.com/search/TAS0411VCE1?t=W617937948001793861400001350TASEVNVCE_e83c744711186fae19d87424dd485fc4_17620&search_date=02092026&expected_price_uuid=01a0605f-f548-8030-2f3a-08d0fcc10c37&static_fare_key=TY%7CP1%7CH0%7CL0%7CCH0%7CR0%7CTBC0&itinerary_key=vvTmVyuTc5Tuo7OkrweryA&expected_price_source=share&expected_price_currency=usd&expected_price=203&marker=747646,2026-11-04T12:20:00+05:00,62
2026-09-03T10:11:32.291826+00:00,TAS,LON,Tashkent -> London,151,https://www.aviasales.com/search/TAS0612LON1?t=VF17965557001796654400001945TASBSZSAWSTN_915ad8592ac23e0f4825be70fe9bf1b4_13224&search_date=03092026&expected_price_uuid=01a0655d-8b1c-8040-2985-b95714575fcd&static_fare_key=TY%7CP0%7CH0%7CL0%7CCH0%7CR0%7CTBC0&itinerary_key=iVaWi7oCocF4jMBkJHCE8A&expected_price_source=share&expected_price_currency=usd&expected_price=151&marker=747646,2026-12-06T11:15:00+05:00,94
2026-09-03T10:11:32.291826+00:00,SKD,MOW,Samarkand -> Moscow,76,https://www.aviasales.com/search/SKD2606MOW1?t=HH18140100001814041200000640SKDTASVKO_3eff42595f7abbd2ba8e9301023f88e7_6598&search_date=01092026&expected_price_uuid=01a05d3d-8102-8030-2afb-32b5f2622866&static_fare_key=TY%7CP1%7CH1%7CL1_1_23%7CCH0%7CR0%7CTBC1&itinerary_key=zQC9v6wjzk_zzn7pCmxbNA&expected_price_source=share&expected_price_currency=usd&expected_price=76&marker=747646,2027-06-26T11:40:00+05:00,296
2026-09-03T10:11:32.291826+00:00,MOW,IST,Moscow -> Istanbul,120,https://www.aviasales.com/search/MOW0610IST1?t=2S17912973001791310800000225ZIAIST_01f3c39afb8d403fb51ccaa0f3608657_10473&search_date=03092026&expected_price_uuid=01a066b4-64c7-8030-27a1-6d6cb1f9f8d1&static_fare_key=TY%7CP0%7CH1%7CL0%7CCH0%7CR0%7CTBC0&itinerary_key=fR5LJ_mWojM1SVMaJXPYQg&expected_price_source=share&expected_price_currency=usd&expected_price=120&marker=747646,2026-10-06T14:35:00+03:00,33
2026-09-03T10:11:32.291826+00:00,MOW,DXB,Moscow -> Dubai,181,https://www.aviasales.com/search/MOW0112DXB1?t=DP17961159001796139600000335VKODWC_48935e2509f4c1400ecedfe640f84886_15717&search_date=03092026&expected_price_uuid=01a06677-0fd1-8030-646f-190c16782ce9&static_fare_key=TY%7CP0%7CH1%7CL0%7CCH1%7CR0%7CTBC0&itinerary_key=fH2UXwWeh0BM60GVVnwaZA&expected_price_source=share&expected_price_currency=usd&expected_price=181&marker=747646,2026-12-01T09:05:00+03:00,89
2026-09-03T10:11:32.291826+00:00,MOW,TAS,Moscow -> Tashkent,111,https://www.aviasales.com/search/MOW2101TAS1?t=DP18005604001800582600000250VKOTAS_a69971c5d22ad86b13a0de8854ed546b_9684&search_date=03092026&expected_price_uuid=01a0657a-62c2-8030-605e-aa91c8056d8e&static_fare_key=TY%7CP0%7CH1%7CL0%7CCH0%7CR0%7CTBC0&itinerary_key=bjxuAmR-ikZ8gyuY57SXhw&expected_price_source=share&expected_price_currency=usd&expected_price=111&marker=747646,2027-01-21T19:40:00+03:00,140
2026-09-03T10:11:32.291826+00:00,LON,IST,London -> Istanbul,69,https://www.aviasales.com/search/LON0912IST1?t=W917967963001796856600000825LTNDEBIST_badd246ca056876b8fab4d4efdea6776_5923&search_date=27082026&expected_price_uuid=01a04493-d7a2-8030-a82b-20d3c5e633a2&static_fare_key=TY%7CP1%7CH0%7CL0%7CCH0%7CR0%7CTBC0&itinerary_key=2iVYMvXF6XJKbEr3ghBE0g&expected_price_source=share&expected_price_currency=usd&expected_price=69&marker=747646,2026-12-09T06:05:00Z,97
2026-09-03T10:11:32.291826+00:00,LON,TAS,London -> Tashkent,201,https://www.aviasales.com/search/LON2201TAS1?t=W918006234001800788400002450LTNEVNTAS_20d09489a680382e98271ba70a5f3bb0_17556&search_date=03092026&expected_price_uuid=01a06576-9c71-8030-2a6a-f3375ad75989&static_fare_key=TY%7CP0%7CH0%7CL0%7CCH0%7CR0%7CTBC0&itinerary_key=kSyc5YzpLaCFBBW9qxDInA&expected_price_source=share&expected_price_currency=usd&expected_price=201&marker=747646,2027-01-22T13:10:00Z,141
2026-09-03T10:11:32.291826+00:00,LON,DXB,London -> Dubai,95,https://www.aviasales.com/search/LON1010DXB1?t=VF17916645001791770100001580LTNMXPBGYSAWDXB_2d70efa265f2c7988b3395a0e8615a86_8121&search_date=28082026&expected_price_uuid=01a04795-3df0-8030-2833-de54ccd48733&static_fare_key=TY%7CP1%7CH0%7CL0%7CCH0%7CR0%7CTBC0&itinerary_key=j_m1lkM711bGwvatnV3QcA&expected_price_source=share&expected_price_currency=usd&expected_price=95&marker=747646,2026-10-10T20:35:00+01:00,37
2026-09-03T10:11:32.291826+00:00,DXB,IST,Dubai -> Istanbul,90,https://www.aviasales.com/search/SHJ2509IST1?t=PC17903208001790336100000315SHJSAW_e91b9a0da1fe35a5afbfde2dc1ec191c_7814&search_date=03092026&expected_price_uuid=01a0663e-c315-8030-e904-db02f349791e&static_fare_key=TY%7CP1%7CH0%7CL0%7CCH0%7CR0%7CTBC0&itinerary_key=e_VfU7A27f59x4x266Xyvw&expected_price_source=share&expected_price_currency=usd&expected_price=90&marker=747646,2026-09-25T07:20:00+04:00,22
2026-09-03T10:11:32.291826+00:00,DXB,LON,Dubai -> London,131,https://www.aviasales.com/search/DXB1810LON1?t=VF17922927001792335600000895DXBSAWSTN_592e2abe13bd7218c3ad40aebffd0614_11305&search_date=29082026&expected_price_uuid=01a04d26-a362-8030-a41d-5f30817d859d&static_fare_key=TY%7CP1%7CH0%7CL0%7CCH1%7CR0%7CTBC0&itinerary_key=ee0p5fn39fBojDixkzYwyw&expected_price_source=share&expected_price_currency=usd&expected_price=131&marker=747646,2026-10-18T03:05:00+04:00,45
2026-09-03T10:11:32.291826+00:00,DXB,BKK,Dubai -> Bangkok,136,https://www.aviasales.com/search/SHJ1309BKK1?t=AI17893191001789417500001460SHJATQDELBKK_3edef83fd21277b7a74a75127a5d9a32_11841&search_date=02092026&expected_price_uuid=01a06217-3ab8-8050-a2d4-5f8272e8723e&static_fare_key=TY%7CP1%7CH1%7CL1_1_25%7CCH1%7CR1%7CTBC1&itinerary_key=VWNaESZqEyp0lthFo-Vdeg&expected_price_source=share&expected_price_currency=usd&expected_price=136&marker=747646,2026-09-13T17:05:00+04:00,10
2026-09-04T10:01:27.097685+00:00,TAS,IST,Tashkent -> Istanbul,165,https://www.aviasales.com/search/TAS0908IST1?t=HH18178080001817820600000330TASIST_068f7ef07417de7459aba0bad343b281_14336&search_date=04092026&expected_price_uuid=01a06b47-8d34-8030-2fb6-8ad0673cbf46&static_fare_key=TY%7CP0%7CH0%7CL0%7CCH0%7CR0%7CTBC0&itinerary_key=32FoQSK6vJe94tYMSVAptQ&expected_price_source=share&expected_price_currency=usd&expected_price=165&marker=747646,2027-08-09T10:40:00+05:00,339
2026-09-04T10:01:27.097685+00:00,TAS,DXB,Tashkent -> Dubai,133,https://www.aviasales.com/search/TAS0609DXB1?t=C617886810001788692100000245TASDXB_7bb1bca37e4b56322bc1ab61f02314ab_11527&search_date=04092026&expected_price_uuid=01a06b7a-efca-8050-6f5a-9cbec626ab25&static_fare_key=TY%7CP1%7CH1%7CL0%7CCH0%7CR0%7CTBC0&itinerary_key=CslG_QugSi_nhAv0NlXuSw&expected_price_source=share&expected_price_currency=usd&expected_price=133&marker=747646,2026-09-06T07:50:00+05:00,2
2026-09-04T10:01:27.097685+00:00,TAS,ICN,Tashkent -> Seoul,220,https://www.aviasales.com/search/TAS0109ICN1?t=HY18198384001819874400000360TASICN_86140890fbe18b7c8c759038d1db4c5d_19085&search_date=04092026&expected_price_uuid=01a06b18-8785-8030-2bbe-08dae17d231b&static_fare_key=TY%7CP1%7CH1%7CL1_1_23%7CCH1%7CR1%7CTBC1&itinerary_key=0rwDk0D7N1NbXDYHol_rgA&destination_airports=0&expected_price_source=share&expected_price_currency=usd&expected_price=220&marker=747646,2027-09-01T22:40:00+05:00,362
2026-09-04T10:01:27.097685+00:00,TAS,BKK,Tashkent -> Bangkok,209,https://www.aviasales.com/search/TAS2709BKK1?t=AI17905236001790602500001195TASAUHBOMBKK_774d9b67e399872e4389a04eaf6a9abb_18110&search_date=04092026&expected_price_uuid=01a06bd2-ad20-8030-a443-8234829d3fd3&static_fare_key=TY%7CP1%7CH1%7CL0%7CCH0%7CR0%7CTBC0&itinerary_key=LVWfyVx0rfZQFJiy0LbT4A&expected_price_source=share&expected_price_currency=usd&expected_price=209&marker=747646,2026-09-27T15:40:00+05:00,23
2026-09-04T10:01:27.097685+00:00,TAS,BCN,Tashkent -> Barcelona,204,https://www.aviasales.com/search/TAS1511BCN1?t=W417947452001794874200002390TASEVNMXPBCN_cf0fa5c115b34074173794c79f60b376_17720&search_date=02092026&expected_price_uuid=01a06071-324e-8030-20b5-e8239dcb4888&static_fare_key=TY%7CP0%7CH0%7CL0%7CCH0%7CR0%7CTBC0&itinerary_key=hrnPTJWWowrRTHCBh5vaqg&expected_price_source=share&expected_price_currency=usd&expected_price=204&marker=747646,2026-11-15T12:20:00+05:00,72
2026-09-04T10:01:27.097685+00:00,TAS,VCE,Tashkent -> Venice,203,https://www.aviasales.com/search/TAS0411VCE1?t=W617937948001793861400001350TASEVNVCE_e83c744711186fae19d87424dd485fc4_17620&search_date=02092026&expected_price_uuid=01a0605f-f548-8030-2f3a-08d0fcc10c37&static_fare_key=TY%7CP1%7CH0%7CL0%7CCH0%7CR0%7CTBC0&itinerary_key=vvTmVyuTc5Tuo7OkrweryA&expected_price_source=share&expected_price_currency=usd&expected_price=203&marker=747646,2026-11-04T12:20:00+05:00,61
2026-09-04T10:01:27.097685+00:00,TAS,LON,Tashkent -> London,198,https://www.aviasales.com/search/TAS2802LON1?t=VF18038280001803912000001700TASBSZSAWSTN_c26c0c20ee1afb36de8470c46f79e1a2_17157&search_date=04092026&expected_price_uuid=01a06a4a-7994-8030-679e-921b524c9141&static_fare_key=TY%7CP0%7CH0%7CL0%7CCH0%7CR0%7CTBC0&itinerary_key=nGvGMTzBCmSbSkb-HDf8cA&expected_price_source=share&expected_price_currency=usd&expected_price=198&marker=747646,2027-02-28T15:20:00+05:00,177
2026-09-04T10:01:27.097685+00:00,SKD,MOW,Samarkand -> Moscow,77,https://www.aviasales.com/search/SKD2606MOW1?t=HH18140100001814041200000640SKDTASVKO_3eff42595f7abbd2ba8e9301023f88e7_6667&search_date=04092026&expected_price_uuid=01a06b4f-13d6-8030-a9c6-5edf495ad415&static_fare_key=TY%7CP1%7CH1%7CL1_1_23%7CCH0%7CR0%7CTBC1&itinerary_key=zQC9v6wjzk_zzn7pCmxbNA&expected_price_source=share&expected_price_currency=usd&expected_price=77&marker=747646,2027-06-26T11:40:00+05:00,295
2026-09-04T10:01:27.097685+00:00,MOW,IST,Moscow -> Istanbul,111,https://www.aviasales.com/search/MOW0510IST1?t=DP17912070001791225900000315VKOIST_0a29cb77834409a219d235e4e71c3971_9581&search_date=04092026&expected_price_uuid=01a06bdc-3c68-8050-6827-cf454b7eda41&static_fare_key=TY%7CP0%7CH1%7CL0%7CCH1%7CR0%7CTBC0&itinerary_key=uPF1bdWYVx8zjKiF0RmfoQ&expected_price_source=share&expected_price_currency=usd&expected_price=111&marker=747646,2026-10-05T13:30:00+03:00,31
2026-09-04T10:01:27.097685+00:00,MOW,DXB,Moscow -> Dubai,181,https://www.aviasales.com/search/MOW0512DXB1?t=DP17964615001796485200000335VKODWC_f7a2fd50f2339a9ba90b3f76ccf69e6c_15717&search_date=04092026&expected_price_uuid=01a06bdb-545a-8030-2f84-1c05602345c1&static_fare_key=TY%7CP0%7CH1%7CL0%7CCH1%7CR0%7CTBC0&itinerary_key=fH2UXwWeh0BM60GVVnwaZA&expected_price_source=share&expected_price_currency=usd&expected_price=181&marker=747646,2026-12-05T09:05:00+03:00,92
2026-09-04T10:01:27.097685+00:00,MOW,TAS,Moscow -> Tashkent,113,https://www.aviasales.com/search/MOW2102TAS1?t=DP18032388001803261000000250VKOTAS_65d2ffc4db29f418307517fa1b7a0afb_9760&search_date=04092026&expected_price_uuid=01a06bc9-daa7-8050-627d-7c637b5d7484&static_fare_key=TY%7CP0%7CH1%7CL0%7CCH1%7CR0%7CTBC0&itinerary_key=bjxuAmR-ikZ8gyuY57SXhw&expected_price_source=share&expected_price_currency=usd&expected_price=113&marker=747646,2027-02-21T19:40:00+03:00,170
2026-09-04T10:01:27.097685+00:00,LON,IST,London -> Istanbul,57,https://www.aviasales.com/search/LON1910IST1?t=W917923932001792415400000250LTNIST_402865748a61b0ad722e73c1c3152a27_4939&search_date=04092026&expected_price_uuid=01a06af3-b82a-8050-620f-cd15f5a7ee87&static_fare_key=TY%7CP1%7CH0%7CL0%7CCH0%7CR0%7CTBC0&itinerary_key=bXB1icjRYtf0HteMrNcTlA&expected_price_source=share&expected_price_currency=usd&expected_price=57&marker=747646,2026-10-19T07:00:00+01:00,45
2026-09-04T10:01:27.097685+00:00,LON,TAS,London -> Tashkent,203,https://www.aviasales.com/search/LON2201TAS1?t=W918006234001800788400002450LTNEVNTAS_20d09489a680382e98271ba70a5f3bb0_17614&search_date=04092026&expected_price_uuid=01a06a88-bf03-8030-6dda-74cb06a9ff24&static_fare_key=TY%7CP0%7CH0%7CL0%7CCH0%7CR0%7CTBC0&itinerary_key=kSyc5YzpLaCFBBW9qxDInA&expected_price_source=share&expected_price_currency=usd&expected_price=203&marker=747646,2027-01-22T13:10:00Z,140
2026-09-04T10:01:27.097685+00:00,LON,DXB,London -> Dubai,122,https://www.aviasales.com/search/LON0203DXB1?t=W618040176001804108200001270LTNBUDDXB_a90b0e562235db2b9aa2101988c8bf64_10495&search_date=29082026&expected_price_uuid=01a04dfa-4631-8030-6afc-e07844f3c2be&static_fare_key=TY%7CP1%7CH0%7CL0%7CCH0%7CR0%7CTBC0&itinerary_key=g8sSWO5A8HNiSmcbWEiIuA&expected_price_source=share&expected_price_currency=usd&expected_price=122&marker=747646,2027-03-02T20:00:00Z,179
2026-09-04T10:01:27.097685+00:00,DXB,IST,Dubai -> Istanbul,91,https://www.aviasales.com/search/SHJ2010IST1?t=PC17924718001792487100000315SHJSAW_acc8541c64b39dea6c35dab8f9cde8ea_7888&search_date=04092026&expected_price_uuid=01a06ba0-906a-8030-ac88-2add6aa4affb&static_fare_key=TY%7CP1%7CH0%7CL0%7CCH0%7CR0%7CTBC0&itinerary_key=DE6hkpXJ2su0KLUANC4k7A&expected_price_source=share&expected_price_currency=usd&expected_price=91&marker=747646,2026-10-20T04:50:00+04:00,46
2026-09-04T10:01:27.097685+00:00,DXB,LON,Dubai -> London,131,https://www.aviasales.com/search/DXB1810LON1?t=VF17922927001792335600000895DXBSAWSTN_592e2abe13bd7218c3ad40aebffd0614_11305&search_date=29082026&expected_price_uuid=01a04d26-a362-8030-a41d-5f30817d859d&static_fare_key=TY%7CP1%7CH0%7CL0%7CCH1%7CR0%7CTBC0&itinerary_key=ee0p5fn39fBojDixkzYwyw&expected_price_source=share&expected_price_currency=usd&expected_price=131&marker=747646,2026-10-18T03:05:00+04:00,44
2026-09-04T10:01:27.097685+00:00,DXB,BKK,Dubai -> Bangkok,141,https://www.aviasales.com/search/SHJ2909BKK1?t=AI17907015001790799900001460SHJATQDELBKK_d83daa86141cffa1e50ed20f3d46cb45_12303&search_date=02092026&expected_price_uuid=01a062ec-a51a-8050-2e5e-9f996dd6f0a0&static_fare_key=TY%7CP1%7CH1%7CL1_1_25%7CCH1%7CR1%7CTBC1&itinerary_key=DLt9J4Qkv2EFQHkLy7IATA&expected_price_source=share&expected_price_currency=usd&expected_price=141&marker=747646,2026-09-29T17:05:00+04:00,25
